category,foodCode,foodName,englishName,edible,energyKCal,protein,fat,CHO
乳类及其制品-其他,109001,炼乳（甜，罐头）,Condensed milk，pasteurized，sweetened，canned,100,332,8.0,8.7,55.4
乳类及其制品-其他,109002,奶皮子,Milk skin，fresh,100,460,12.2,42.9,6.3
乳类及其制品-其他,109003,奶片,Milk tablet，sugar added,100,472,13.3,20.2,59.3
乳类及其制品-其他,109004,全脂甜炼乳（雀巢）,,100,380,7.5,10.0,64.9
乳类及其制品-其他,109005,全脂甜炼乳（燕山牌）,,100,374,8.2,10.0,62.8
乳类及其制品-其他,109006,脱脂甜炼乳,,100,275,10.3,0.2,58.0
乳类及其制品-其他,109007,蛋白粉（益力健乳铁乳清蛋白粉）,,100,425,50.0,12.5,28.0
乳类及其制品-其他,109008,牛初乳奶片（纽瑞滋牛初乳咀嚼奶片）,,100,347,27.0,4.5,49.5
乳类及其制品-其他,109009,奶渣,,100,381,44.4,4.2,41.3
乳类及其制品-奶油,105001,奶油,Cream,100,879,0.7,97.0,0.9
乳类及其制品-奶油,105002,奶油（焦克）,Cream,100,447,3.0,48.3,0.0
乳类及其制品-奶油,105003,奶油（食品工业）,"Cream, for food industry use",100,504,1.1,55.5,0.0
乳类及其制品-奶油,105004,黄油,Butter,100,888,1.4,98.0,0.0
乳类及其制品-奶油,105005,黄油渣,"Butter residue, milk solids",100,599,11.1,43.8,40.0
乳类及其制品-奶油,105006,白脱（食品工业）［牛油、黄油］,"Butter, for food industry use",100,744,—,82.7,0.0
乳类及其制品-奶油,105007,酥油,Shortening,100,860,1.5,94.4,1.1
乳类及其制品-奶油,105008,奶油,,100,785,1.1,86.0,1.7
乳类及其制品-奶油,105009,酥油,,100,718,0.7,74.9,10.3
乳类及其制品-奶油,105010,酥油茶（原味）,,100,465,3.0,17.7,73.3
乳类及其制品-奶粉,102101,全脂奶粉（多维奶粉）,Whole milk powder，fortified with vitamin,100,484,19.9,22.7,49.9
乳类及其制品-奶粉,102101x,全脂奶粉（代表值）,,100,482,19.9,22.3,50.5
乳类及其制品-奶粉,102103,全脂奶粉,Whole milk powder,100,478,20.1,21.2,51.7
乳类及其制品-奶粉,102104,全脂奶粉（速溶）,Whole milk powder，instant,100,466,19.9,18.9,54.0
乳类及其制品-奶粉,102105,全脂奶粉（雀巢）,,100,504,24.0,28.0,39.0
乳类及其制品-奶粉,102107,全脂奶粉（伊利牌）,,100,504,22.0,26.0,45.5
乳类及其制品-奶粉,102125,全脂奶粉（红星速溶加锌奶粉）,,100,478,18.5,20.8,54.1
乳类及其制品-奶粉,102126,全脂奶粉（欧世蒙牛多维高钙高铁奶粉）,,100,473,18.2,21.7,51.1
乳类及其制品-奶粉,102127,全脂奶粉（雪花钙加锌调制奶粉）,,100,461,17.0,19.0,55.5
乳类及其制品-奶粉,102128,全脂奶粉（雪花高钙多维调制奶粉）,,100,484,19.5,22.0,52.0
乳类及其制品-奶粉,102130x,全脂甜奶粉（代表值）,,100,485,20.2,22.9,49.6
乳类及其制品-奶粉,102131,全脂甜奶粉,,100,490,22.5,23.4,47.4
乳类及其制品-奶粉,102132,全脂甜奶粉（伊利牌）,,100,476,19.0,21.0,52.8
乳类及其制品-奶粉,102133,全脂甜奶粉（飞鹤全脂甜乳粉）,,100,479,20.0,23.0,48.0
乳类及其制品-奶粉,102134,全脂甜奶粉（红星速溶全脂甜奶粉）,,100,481,18.5,23.0,50.0
乳类及其制品-奶粉,102135,全脂甜奶粉（三元燕山牌全脂甜奶粉）,,100,500,21.0,24.0,50.0
乳类及其制品-奶粉,102150x,低脂奶粉（代表值，高钙高铁）,,100,425,23.7,11.9,55.9
乳类及其制品-奶粉,102151,低脂奶粉（高钙高铁，雀巢）,,100,413,27.0,11.7,50.0
乳类及其制品-奶粉,102152,低脂奶粉（高钙高铁，伊利牌）,,100,423,27.0,11.0,53.9
乳类及其制品-奶粉,102153,低脂奶粉（高钙高铁，可淇牌）,,100,437,17.0,13.0,63.0
乳类及其制品-奶粉,102201,全脂奶粉（全脂羊乳粉）,Goat whole milk powder,100,498,18.8,25.2,49.0
乳类及其制品-奶粉,102211,驴奶粉（花麒牌，西域龙驴奶粉）,,100,442,20.1,12.4,62.4
乳类及其制品-奶粉,102212,驴奶粉（金驴龙奶）,,100,416,14.8,8.2,70.8
乳类及其制品-奶粉,102213,驴奶粉（源西域牌，冻干特质）,,100,428,19.3,12.3,60.0
乳类及其制品-奶粉,102221,驼奶粉（花麒牌，西域龙驼奶粉）,,100,528,20.2,30.4,43.4
乳类及其制品-奶粉,102222,驼奶粉（天山牧歌牌）,,100,513,16.7,28.6,47.1
乳类及其制品-奶粉,102223,驼奶粉（旺源牌，全脂驼乳粉）,,100,545,21.3,34.6,37.0
乳类及其制品-奶粉,102301x,儿童配方奶粉（代表值）,,100,454,19.0,17.3,56.1
乳类及其制品-奶粉,102302,儿童配方奶粉（安儿健A+，美赞臣）,,100,428,17.9,11.1,64.0
乳类及其制品-奶粉,102303,儿童配方奶粉（适体健，美赞臣）,,100,417,16.0,9.0,68.0
乳类及其制品-奶粉,102304,儿童配方奶粉（惠氏）,,100,451,17.0,15.0,62.0
乳类及其制品-奶粉,102305,儿童配方奶粉（可淇牌）,,100,457,17.0,17.0,59.0
乳类及其制品-奶粉,102306,儿童配方奶粉（完达山牌）,,100,458,17.0,18.0,57.0
乳类及其制品-奶粉,102307,儿童配方奶粉（贝因美特选幼童配方奶粉4阶段）,,100,473,18.0,19.5,56.6
乳类及其制品-奶粉,102308,儿童配方奶粉（多美滋优阶儿童配方奶粉）,,100,406,19.6,10.0,59.4
乳类及其制品-奶粉,102309,儿童配方奶粉（惠氏金装学儿乐学龄前儿童配方奶粉）,,100,442,17.0,16.0,58.9
乳类及其制品-奶粉,102310,儿童配方奶粉（美素佳儿GOLD金装儿童配方奶粉）,,100,452,25.8,17.0,49.0
乳类及其制品-奶粉,102311,儿童配方奶粉（美赞臣安儿健儿童配方奶粉）,,100,434,20.0,12.0,63.0
乳类及其制品-奶粉,102312,儿童配方奶粉（明治珍爱童儿童配方奶粉）,,100,465,20.0,19.0,53.7
乳类及其制品-奶粉,102313,儿童配方奶粉（欧世蒙牛金装佳智学龄前儿童特殊配方奶粉4阶段）,,100,470,17.9,20.9,52.5
乳类及其制品-奶粉,102314,儿童配方奶粉（雀巢能恩全进口奶源儿童配方奶粉4）,,100,455,22.0,19.0,49.0
乳类及其制品-奶粉,102315,儿童配方奶粉（三元爱益儿童成长配方奶粉）,,100,500,20.0,20.0,60.0
乳类及其制品-奶粉,102316,儿童配方奶粉（完达山4段儿童奶粉）,,100,462,17.1,19.2,55.7
乳类及其制品-奶粉,102317,儿童配方奶粉（完达山金装元乳4段儿童奶粉）,,100,466,17.5,19.8,54.8
乳类及其制品-奶粉,102318,儿童配方奶粉（雪花学生特殊配方奶粉）,,100,461,17.5,19.0,55.0
乳类及其制品-奶粉,102319,儿童配方奶粉（雪花学生营养奶粉）,,100,463,17.8,19.5,54.0
乳类及其制品-奶粉,102320,儿童配方奶粉（雅培金装喜康宝儿童配方奶粉）,,100,444,17.5,15.9,58.1
乳类及其制品-奶粉,102321,儿童配方奶粉（雅士利儿童奶粉）,,100,460,21.6,18.0,53.0
乳类及其制品-奶粉,102322,儿童配方奶粉（伊利儿童配方奶粉）,,100,465,21.0,20.0,50.6
乳类及其制品-奶粉,102323,儿童配方奶粉（伊利金领冠儿童配方奶粉）,,100,467,21.5,20.0,50.6
乳类及其制品-奶粉,102324,儿童配方奶粉（伊利金装儿童配方奶粉）,,100,467,21.5,20.0,50.6
乳类及其制品-奶粉,102325,儿童配方奶粉（伊利学生营养奶粉）,,100,464,18.0,20.0,53.0
乳类及其制品-奶粉,102501x,孕产妇配方奶粉（代表值）,,100,413,22.0,9.8,60.5
乳类及其制品-奶粉,102502,孕产妇配方奶粉（惠氏）,,100,405,16.0,6.8,70.0
乳类及其制品-奶粉,102503,孕产妇配方奶粉（美赞臣）,,100,378,23.3,3.9,62.4
乳类及其制品-奶粉,102504,孕产妇配方奶粉（贝因美冠军宝贝孕妈咪配方奶粉）,,100,425,22.5,12.0,59.0
乳类及其制品-奶粉,102505,孕产妇配方奶粉（贝因美金装爱+孕妈咪配方奶粉）,,100,434,22.5,12.0,59.0
乳类及其制品-奶粉,102506,孕产妇配方奶粉（贝因美金装爱+准妈咪配方奶粉）,,100,426,22.5,10.0,61.5
乳类及其制品-奶粉,102507,孕产妇配方奶粉（多美滋优阶妈妈孕产妇配方奶粉）,,100,360,20.5,2.5,67.4
乳类及其制品-奶粉,102508,孕产妇配方奶粉（飞帆孕产妇配方乳粉）,,100,460,18.0,17.5,57.7
乳类及其制品-奶粉,102509,孕产妇配方奶粉（合生元金装妈妈配方奶粉）,,100,380,27.0,2.8,62.7
乳类及其制品-奶粉,102510,孕产妇配方奶粉（亨氏超金妈妈孕产妇配方奶粉）,,100,398,26.0,8.0,57.0
乳类及其制品-奶粉,102511,孕产妇配方奶粉（惠氏爱儿乐妈妈孕产妇配方奶粉）,,100,406,19.0,6.9,67.0
乳类及其制品-奶粉,102512,孕产妇配方奶粉（美素佳儿GOLD金装妈妈孕产妇配方奶粉）,,100,454,27.0,17.5,47.1
乳类及其制品-奶粉,102513,孕产妇配方奶粉（美赞臣安婴妈妈孕产妇配方奶粉）,,100,383,24.0,4.3,62.0
乳类及其制品-奶粉,102514,孕产妇配方奶粉（雀巢妈妈孕产妇奶粉）,,100,407,20.0,6.5,67.0
乳类及其制品-奶粉,102515,孕产妇配方奶粉（雀巢妈妈孕产妇营养配方奶粉）,,100,402,20.0,6.0,67.0
乳类及其制品-奶粉,102516,孕产妇配方奶粉（三元爱力优妈妈配方奶粉）,,100,438,22.5,13.8,56.3
乳类及其制品-奶粉,102517,孕产妇配方奶粉（圣元优博妈咪孕产妇配方奶粉）,,100,440,22.0,16.0,52.0
乳类及其制品-奶粉,102518,孕产妇配方奶粉（完达山妈咪配方奶粉）,,100,455,22.5,17.5,52.4
乳类及其制品-奶粉,102519,孕产妇配方奶粉（雅培妈妈喜康素金装孕产妇配方奶粉）,,100,367,23.1,2.0,66.0
乳类及其制品-奶粉,102520,孕产妇配方奶粉（雅士利能慧金装孕产妇奶粉）,,100,425,20.6,12.5,59.0
乳类及其制品-奶粉,102521,孕产妇配方奶粉（伊利金领冠妈妈配方奶粉）,,100,456,22.0,14.0,60.9
乳类及其制品-奶粉,102522,孕产妇配方奶粉（伊利孕妇奶粉）,,100,441,22.0,14.0,56.7
乳类及其制品-奶粉,102523,孕产妇配方羊奶粉（美可高特孕产妇配方羊奶粉）,,100,447,22.0,15.5,54.9
乳类及其制品-奶粉,102801x,中老年配方奶粉（代表值）,,100,424,21.8,12.8,55.7
乳类及其制品-奶粉,102802,中老年配方奶粉（可淇牌）,,100,432,18.0,12.0,63.0
乳类及其制品-奶粉,102803,中老年配方奶粉（雀巢）,,100,429,30.0,14.4,44.8
乳类及其制品-奶粉,102804,中老年配方奶粉（森永牌）,,100,418,22.0,10.0,60.0
乳类及其制品-奶粉,102805,中老年配方奶粉（三元爱益中老年配方奶粉）,,100,448,20.0,13.0,63.0
乳类及其制品-奶粉,102806,中老年配方奶粉（雪花中老年特殊配方奶粉）,,100,432,20.0,13.6,58.0
乳类及其制品-奶粉,102807,中老年营养奶粉（雪花中老年营养奶粉）,,100,440,21.0,14.0,58.0
乳类及其制品-奶酪,104001,奶酪［干酪］,Cheese， white， semisoft,100,328,25.7,23.5,3.5
乳类及其制品-奶酪,104002,奶豆腐（脱脂）,Milk curd， skimmed,100,343,53.7,2.5,26.5
乳类及其制品-奶酪,104003,奶豆腐（鲜）,Milk curd， fresh,100,305,46.2,7.8,12.5
乳类及其制品-奶酪,104004,奶疙瘩［奶酪干，干酸奶］,Cheese， milk lump， sour， dried,100,426,55.1,15.0,17.7
乳类及其制品-奶酪,104005,乳酪（契达干酪，普通）,Cheese， Cheddar， ordinary,100,412,25.5,34.4,0.1
乳类及其制品-奶酪,104006,乳酪（契达干酪，脱脂）,Cheese， Cheddar， reduced fat,100,261,31.5,15.0,Tr
乳类及其制品-奶酪,104007,曲拉,"Qula, Cheddar， homemade, crude product",100,356,39.1,2.9,43.4
乳类及其制品-奶酪,104008,乳酪（全脂软酪）,Full fat soft cheese,100,313,8.6,31.0,Tr
乳类及其制品-奶酪,104009,酸酪蛋,Cottage cheese,100,443,40.4,20.4,24.4
乳类及其制品-奶酪,104010,乳酪（羊乳酪）,Feta,100,250,15.6,20.2,1.5
乳类及其制品-奶酪,104011,乳酪（中脂软酪）,Medium fat soft cheese,100,180,9.2,14.5,3.1
乳类及其制品-奶酪,104012,奶酪（光明牌）,,100,348,16.5,28.4,6.5
乳类及其制品-奶酪,104013,奶酪（骑士牌）,,100,386,23.0,25.4,16.3
乳类及其制品-奶酪,104014,低脂奶酪,,100,241,21.6,11.6,12.6
乳类及其制品-奶酪,104015,硬质干酪,,100,411,24.9,34.5,0.1
乳类及其制品-奶酪,104016,奶酪（爱氏晨曦牌，儿童奶酪条）,,100,295,23.9,22.1,Tr
乳类及其制品-奶酪,104017,奶酪（百嘉儿童干酪条）,,100,272,25.0,18.4,1.5
乳类及其制品-奶酪,104018,奶酪（多美鲜牌，欧洲奶油奶酪）,,100,356,13.1,23.4,23.2
乳类及其制品-奶酪,104019,奶酪（天润牌，无限欢酪）,,100,515,3.5,33.0,51.0
乳类及其制品-奶酪,104020,酸奶疙瘩（干，农户家）,,100,446,48.8,18.6,20.9
乳类及其制品-奶酪,104021,酸奶疙瘩（干，市售）,,100,451,31.1,27.6,19.6
乳类及其制品-奶酪,104022,酸奶疙瘩（干，市售，加盐）,,100,383,51.6,11.7,17.8
乳类及其制品-奶酪,104023,酸奶疙瘩（瑞缘牌，中脂特硬质干酪）,,100,456,14.4,22.3,49.5
乳类及其制品-奶酪,104024,酸奶疙瘩（新鲜）,,100,275,18.6,16.8,12.4
乳类及其制品-液态乳,101101x,纯牛奶（代表值，全脂）,Milk，pasteurized,100,65,3.3,3.6,4.9
乳类及其制品-液态乳,101102,纯牛奶（全脂，美国牛）,Milk，full fat，American breed,100,59,2.9,3.2,4.6
乳类及其制品-液态乳,101104,纯牛奶（全脂，德国牛）,Milk，full fat，German breed,100,60,3.1,3.0,5.1
乳类及其制品-液态乳,101105,纯牛奶（全脂，光明牌）,,100,61,3.1,3.2,5.0
乳类及其制品-液态乳,101106,纯牛奶（全脂，乐百氏牌）,,100,67,3.3,3.8,4.8
乳类及其制品-液态乳,101107,纯牛奶（全脂，帕玛拉特牌）,,100,61,3.0,3.1,5.3
乳类及其制品-液态乳,101108,纯牛奶（全脂，三元牌）,,100,69,3.4,3.9,5.1
乳类及其制品-液态乳,101109,纯牛奶（全脂，完达山牌）,,100,60,2.9,3.2,4.9
乳类及其制品-液态乳,101110,纯牛奶（全脂，龙丹牌）,,100,66,2.9,3.8,5.1
乳类及其制品-液态乳,101111,纯牛奶（全脂，蒙牛牌）,,100,67,3.1,3.7,5.3
乳类及其制品-液态乳,101112,纯牛奶（全脂，新南洋牌）,,100,67,3.1,3.8,5.1
乳类及其制品-液态乳,101113,纯牛奶（全脂，帕玛拉特）,,100,61,2.9,3.2,5.1
乳类及其制品-液态乳,101114,纯牛奶（全脂，伊利牌）,,100,68,3.2,3.7,5.4
乳类及其制品-液态乳,101122,纯牛奶（全脂，爱尔兰金凯利全脂牛奶）,,100,62,3.2,3.6,4.1
乳类及其制品-液态乳,101123,纯牛奶（全脂，澳大利亚澳田纯牛奶）,,100,62,3.6,3.5,3.9
乳类及其制品-液态乳,101124,纯牛奶（全脂，比利时纯牧牛奶）,,100,61,3.5,3.4,4.0
乳类及其制品-液态乳,101125,纯牛奶（全脂，波兰美波全脂纯牛奶）,,100,75,3.2,3.4,7.8
乳类及其制品-液态乳,101126,纯牛奶（全脂，丹麦爱氏晨曦有机全脂牛奶）,,100,67,3.5,3.6,5.2
乳类及其制品-液态乳,101127,纯牛奶（全脂，德国爱氏晨曦纯牛奶）,,100,68,3.4,3.6,5.5
乳类及其制品-液态乳,101128,纯牛奶（全脂，德国甘蒂牧场纯牛奶）,,100,64,3.3,3.6,4.7
乳类及其制品-液态乳,101129,纯牛奶（全脂，法国得乐思全脂牛奶）,,100,64,3.7,3.6,4.3
乳类及其制品-液态乳,101130,纯牛奶（全脂，光明纯牛奶）,,100,60,3.4,3.4,4.0
乳类及其制品-液态乳,101131,纯牛奶（全脂，光明优+高品质纯牛奶）,,100,67,3.6,3.8,4.5
乳类及其制品-液态乳,101132,纯牛奶（全脂，广泽澳醇纯牛奶）,,100,63,3.5,3.6,4.1
乳类及其制品-液态乳,101133,纯牛奶（全脂，花园牌）,,100,57,2.9,3.3,4.0
乳类及其制品-液态乳,101134,纯牛奶（全脂，辉山纯牛奶）,,100,66,3.5,3.7,4.7
乳类及其制品-液态乳,101135,纯牛奶（全脂，龙丹松花江牧场纯牛奶）,,100,67,3.6,3.7,4.8
乳类及其制品-液态乳,101136,纯牛奶（全脂，麦趣尔牌）,,100,61,2.9,3.1,5.3
乳类及其制品-液态乳,101137,纯牛奶（全脂，蒙牛纯牛奶）,,100,67,3.4,3.8,4.7
乳类及其制品-液态乳,101138,纯牛奶（全脂，蒙牛特仑苏有机纯牛奶）,,100,69,3.4,4.0,4.9
乳类及其制品-液态乳,101139,纯牛奶（全脂，明治醇壹高温杀菌乳）,,100,67,3.6,3.7,4.8
乳类及其制品-液态乳,101140,纯牛奶（全脂，瑞士艾美全脂牛奶）,,100,70,3.2,3.5,6.4
乳类及其制品-液态乳,101141,纯牛奶（全脂，圣牧有机纯牛奶）,,100,74,3.5,4.1,5.7
乳类及其制品-液态乳,101142,纯牛奶（全脂，天润牌浓缩纯奶）,,100,67,3.2,3.5,5.7
乳类及其制品-液态乳,101143,纯牛奶（全脂，完达山纯牛奶）,,100,66,3.5,4.2,3.6
乳类及其制品-液态乳,101144,纯牛奶（全脂，西域春牌）,,100,59,2.9,3.1,4.8
乳类及其制品-液态乳,101145,纯牛奶（全脂，夏进纯牛奶）,,100,63,3.5,3.5,4.4
乳类及其制品-液态乳,101146,纯牛奶（全脂，现代牧业纯牛奶）,,100,66,3.3,3.6,5.1
乳类及其制品-液态乳,101147,纯牛奶（全脂，新希望复原乳）,,100,63,3.0,3.6,4.6
乳类及其制品-液态乳,101148,纯牛奶（全脂，新希望千岛湖牧场纯牛奶）,,100,62,3.2,3.5,4.3
乳类及其制品-液态乳,101149,纯牛奶（全脂，伊利纯牛奶）,,100,66,3.4,3.9,4.2
乳类及其制品-液态乳,101150,纯牛奶（全脂，伊利金典有机纯牛奶）,,100,73,3.5,4.1,5.4
乳类及其制品-液态乳,101151,纯牛奶（全脂，意大利培兰全脂纯牛奶）,,100,63,3.5,3.6,4.2
乳类及其制品-液态乳,101152,纯牛奶（低脂，帕玛拉特）,,100,43,2.9,1.3,5.0
乳类及其制品-液态乳,101152x,纯牛奶（代表值，低脂）,,100,47,3.5,1.5,4.8
乳类及其制品-液态乳,101153,纯牛奶（低脂，澳大利亚德运部分脱脂纯牛奶）,,100,51,3.3,2.0,5.0
乳类及其制品-液态乳,101154,纯牛奶（低脂，德国艾德牧牌部分脱脂纯牛奶）,,100,45,3.5,1.7,3.8
乳类及其制品-液态乳,101155,纯牛奶（低脂，蒙牛特仑苏低脂牛奶）,,100,48,3.8,1.3,5.2
乳类及其制品-液态乳,101156,纯牛奶（低脂，明治醇壹低脂肪高温杀菌乳）,,100,46,3.6,1.2,5.2
乳类及其制品-液态乳,101157,纯牛奶（低脂，新西兰安佳低脂牛奶）,,100,51,3.8,1.5,5.5
乳类及其制品-液态乳,101158,纯牛奶（低脂，新西兰恒天然田园低脂牛奶）,,100,45,3.7,1.7,3.8
乳类及其制品-液态乳,101159,纯牛奶（低脂，伊利金典低脂奶）,,100,48,3.7,1.3,5.4
乳类及其制品-液态乳,101160,纯牛奶（低脂，意大利皮尔蒙特低脂牛奶）,,100,45,3.4,1.4,4.6
乳类及其制品-液态乳,101161,纯牛奶（脱脂，帕玛拉特）,,100,33,2.9,0.2,4.8
乳类及其制品-液态乳,101161x,纯牛奶（代表值，脱脂）,,100,34,3.5,0.3,4.6
乳类及其制品-液态乳,101162,纯牛奶（脱脂，澳大利亚澳田脱脂牛奶）,,100,35,3.7,0.3,4.3
乳类及其制品-液态乳,101163,纯牛奶（脱脂，丹麦爱氏晨曦脱脂纯牛奶）,,100,39,3.5,0.3,5.5
乳类及其制品-液态乳,101164,纯牛奶（脱脂，德国甘蒂牧场脱脂牛奶）,,100,34,3.3,0.5,4.0
乳类及其制品-液态乳,101165,纯牛奶（脱脂，新西兰安佳轻欣脱脂牛奶）,,100,32,3.9,0.0,4.2
乳类及其制品-液态乳,101166,调制乳（全脂，强化VA，VD）,,100,51,2.7,2.0,5.6
乳类及其制品-液态乳,101167,调制乳（全脂，草莓味，卡夫牌）,,100,79,2.7,3.0,10.3
乳类及其制品-液态乳,101168,调制乳（全脂，巧克力味，卡夫牌）,,100,80,2.8,3.2,10.0
乳类及其制品-液态乳,101169,调制乳（全脂，巧克力味，三元牌）,,100,74,2.3,2.8,9.9
乳类及其制品-液态乳,101170,调制乳（全脂，学生奶）,,100,66,2.6,2.6,8.1
乳类及其制品-液态乳,101171,调制乳（全脂，龙丹益醇核桃牛奶）,,100,62,2.5,2.8,6.6
乳类及其制品-液态乳,101172,调制乳（全脂，蒙牛特仑苏醇纤牛奶）,,100,72,3.4,4.0,5.5
乳类及其制品-液态乳,101173,调制乳（全脂，蒙牛珍养型零乳糖牛奶）,,100,60,3.0,3.5,4.0
乳类及其制品-液态乳,101174,调制乳（全脂，完达山臻醇牛奶）,,100,69,3.4,3.7,5.4
乳类及其制品-液态乳,101175,调制乳（全脂，旺仔复原乳牛奶）,,100,74,2.5,2.6,10.1
乳类及其制品-液态乳,101176,调制乳（全脂，夏进炼乳牛奶）,,100,71,2.5,3.1,8.2
乳类及其制品-液态乳,101177,调制乳（全脂，新西兰安佳原味进口儿童牛奶）,,100,70,3.6,3.5,5.9
乳类及其制品-液态乳,101178,调制乳（全脂，新希望特浓牛奶）,,100,66,3.3,3.5,5.4
乳类及其制品-液态乳,101179,调制乳（全脂，伊利舒化奶）,,100,68,3.5,3.8,5.0
乳类及其制品-液态乳,101180,调制乳（全脂，伊利早餐奶麦香味）,,100,71,2.9,3.2,7.6
乳类及其制品-液态乳,101181,调制乳（低脂，强化锌、钙，帕玛拉特）,,100,60,3.0,3.1,5.0
乳类及其制品-液态乳,101182,调制乳（低脂，澳大利亚德运高钙低脂奶）,,100,52,3.5,1.1,7.1
乳类及其制品-液态乳,101183,调制乳（低脂，伊利低脂型舒化奶）,,100,46,3.4,1.5,4.6
乳类及其制品-液态乳,101184,调制乳（低脂，伊利高钙低脂奶）,,100,47,3.2,1.3,5.5
乳类及其制品-液态乳,101185,调制乳（脱脂，部分复原乳，澳大利亚德运高钙脱脂奶）,,100,42,3.6,0.3,6.2
乳类及其制品-液态乳,101186,调制乳（脱脂，伊利脱脂奶）,,100,34,3.3,0.3,4.5
乳类及其制品-液态乳,101187,鲜牛奶（全脂，光明鲜牛奶）,,100,63,3.4,3.5,4.5
乳类及其制品-液态乳,101187x,鲜牛奶（代表值，全脂）,,100,67,3.4,3.7,5.1
乳类及其制品-液态乳,101188,鲜牛奶（全脂，辉山鲜博士鲜牛奶）,,100,70,3.6,4.3,4.1
乳类及其制品-液态乳,101189,鲜牛奶（全脂，完达山鲜牛乳）,,100,66,3.6,3.7,4.6
乳类及其制品-液态乳,101190,鲜牛奶（全脂，西域春牌全脂巴氏杀菌乳）,,100,63,2.5,3.1,6.3
乳类及其制品-液态乳,101191,鲜牛奶（全脂，现代牧场鲜牛奶）,,100,64,3.4,3.6,4.5
乳类及其制品-液态乳,101192,鲜牛奶（全脂，新希望千岛湖牧场鲜牛奶）,,100,76,3.6,3.9,6.7
乳类及其制品-液态乳,101193,鲜牛奶（全脂，一鸣鲜牛奶）,,100,66,3.5,3.6,5.0
乳类及其制品-液态乳,101201,羊乳,Goat milk,100,59,1.5,3.5,5.4
乳类及其制品-液态乳,101301,人乳,Breast milk,100,65,1.3,3.4,7.4
乳类及其制品-液态乳,101302,人乳（初乳，1～7天）,,100,68,2.2,3.8,6.2
乳类及其制品-液态乳,101303,人乳（过渡乳，7～14天）,,100,73,2.2,4.0,7.0
乳类及其制品-液态乳,101304,人乳（成熟乳）,,100,70,1.2,4.4,6.5
乳类及其制品-液态乳,101401,鲜驴奶,,100,33,0.4,0.6,6.5
乳类及其制品-液态乳,101402,鲜驴奶（冻）,,100,41,0.5,1.2,7.0
乳类及其制品-液态乳,101403,鲜驴奶（花麒牌，冻）,,100,39,0.8,1.1,6.5
乳类及其制品-液态乳,101501,鲜驼奶,,100,72,3.7,3.5,6.5
乳类及其制品-液态乳,101502,鲜驼奶（冻）,,100,86,3.6,3.5,9.9
乳类及其制品-液态乳,101503,驼奶（旺源牌，易拉罐）,,100,81,3.9,4.6,6.0
乳类及其制品-酸奶,103001,酸奶,,100,70,3.2,1.9,10.0
乳类及其制品-酸奶,103001x,酸奶（代表值，全脂）,"Yogurt, full fat",100,86,2.8,2.6,12.9
乳类及其制品-酸奶,103002,酸奶（高蛋白）,"Yogurt, high protein",100,62,3.2,2.2,7.3
乳类及其制品-酸奶,103003,酸奶（脱脂）,"Yogurt, skimmed",100,57,3.3,0.4,10.0
乳类及其制品-酸奶,103004,酸奶（低脂）,"Yogurt, low-skimmed",100,64,2.7,1.9,9.0
乳类及其制品-酸奶,103005,酸奶（果料）,"*Fruit* yogurt, whole milk, with fruits",100,67,3.1,1.4,10.4
乳类及其制品-酸奶,103006,酸奶（橘味，脱脂）,"*Orange flavor* yogurt, skimmed",100,48,3.2,0.3,8.2
乳类及其制品-酸奶,103007,酸奶（调味）,,100,88,3.0,3.2,11.9
乳类及其制品-酸奶,103008,酸奶（果粒）,,100,98,3.3,2.9,14.6
乳类及其制品-酸奶,103009,酸奶（全脂，多美鲜全脂果粒，草莓果粒/覆盆子果粒、桃果粒/西番莲汁/菠萝果粒）,,100,111,1.6,2.8,19.9
乳类及其制品-酸奶,103010,酸奶（全脂，盖瑞牌，全脂风味发酵乳）,,100,93,3.1,2.5,14.6
乳类及其制品-酸奶,103011,酸奶（全脂，花园牌）,,100,77,1.6,2.8,11.3
乳类及其制品-酸奶,103012,酸奶（全脂，佳丽牌，益家全脂风味发酵乳）,,100,95,2.9,3.1,13.8
乳类及其制品-酸奶,103013,酸奶（全脂，天润牌浓缩酸奶，全脂风味发酵乳）,,100,95,3.0,2.9,14.1
乳类及其制品-酸奶,103014,酸奶（全脂，西域春牌新疆老酸奶，凝固型）,,100,96,3.1,2.6,15.1
乳类及其制品-酸奶,103015,酸奶（低脂，艾美牌，草莓、芒果、蓝莓、覆盆子、菠萝味低脂风味发酵乳）,,100,96,1.6,2.4,16.9
其他类-其他,219014,蜂蛹［蜂胚、蜂仔］,,100,100,10.6,5.4,2.3
其他类-其他,219015,蜂蛹（油蜂，干）,,100,669,20.0,61.4,9.0
其他类-其他,219016,蜂蛹（大黄蜂）,,100,109,12.1,3.8,6.6
其他类-其他,219022,牛蛙,,30,81,15.7,0.5,3.4
其他类-其他,219028,鸡内金,,100,359,83.1,1.3,3.8
其他类-其他,219029,乌梢蛇,,100,219,49.4,2.0,0.9
其他类-其他,219030,团螵蛸,,100,365,70.2,6.6,6.2
其他类-其他,219031,阿胶,,100,383,73.0,5.8,9.5
其他类-其他,219032,珍珠,,100,18,2.0,0.1,2.4
其他类-其他,219033,牛黄,,100,353,48.0,0.9,38.4
其他类-其他,219034,马鹿胎（粉）,,100,342,36.8,10.8,24.4
其他类-其他,219035,蛤蚧,,65,382,70.8,11.0,0.0
其他类-其他,219036,燕窝,,100,320,57.9,0.2,21.7
其他类-其他,219037,蜂胶液,,100,—,0.2,—,—
其他类-其他,219038,蛤蟆油,,100,241,31.4,1.9,24.6
其他类-其他,219039,龟甲,,100,134,26.4,2.0,2.6
其他类-其他,219040,刺猬皮,,100,357,69.2,8.6,0.8
其他类-其他,219041,蜂王浆,,100,—,14.6,—,—
其他类-其他,219042,裙边（干）,,100,337,81.6,1.2,0.0
其他类-其他,219043,鱼肚（干）,,100,312,75.6,1.0,0.0
其他类-其他,219044,鱼唇（干）,,100,347,83.1,1.6,0.0
动物油脂类-动物油脂,191001,牛油（板油）,Beef tallow,100,835,Tr,92.0,1.8
动物油脂类-动物油脂,191002,牛油（炼）,Beef tallow，rendered,100,898,Tr,99.7,0.1
动物油脂类-动物油脂,191003,鸭油（炼）,Duck fat，rendered,100,897,Tr,99.7,0.0
动物油脂类-动物油脂,191004,羊油（板油）,Sheep fat，unrendered，leaf fat,100,824,Tr,88.0,8.0
动物油脂类-动物油脂,191005,羊油（炼）,Sheep fat，rendered,100,895,Tr,99.0,0.9
动物油脂类-动物油脂,191006,猪油（板油）,Lard（leaf lard），unrendered,100,827,Tr,88.7,7.2
动物油脂类-动物油脂,191007,猪油（炼）,Lard，rendered,100,897,Tr,99.6,0.2
坚果种子类-树坚果,071001,白果（干）［银杏］,"Ginkgo nut, in shell, dried",67,355,13.2,1.3,72.6
坚果种子类-树坚果,071002,菠萝蜜,Jackfruit seed,97,164,4.9,0.3,36.7
坚果种子类-树坚果,071003,核桃（鲜）,"Walnut, in shell",43,336,12.8,29.9,6.1
坚果种子类-树坚果,071004,核桃（干）［胡桃］,"Walnut, in shell, dried",43,646,14.9,58.8,19.1
坚果种子类-树坚果,071005,毛核桃,"*Mockernut* hikory, wild",38,184,12.0,6.7,21.7
坚果种子类-树坚果,071006,山核桃（干）,"Wild walnut or hickory nut, in shell, dried",24,616,18.0,50.4,26.2
坚果种子类-树坚果,071008,栗子（鲜）［板栗］,"Chestnut, in shell",80,188,4.2,0.7,42.2
坚果种子类-树坚果,071009,栗子（干）［板栗］,"Chestnut, in shell, dried",73,348,5.3,1.7,78.4
坚果种子类-树坚果,071010,栗子（熟）［板栗］,"Chestnut, in shell",78,214,4.8,1.5,46.0
坚果种子类-树坚果,071011,松子（生）,"Pine-nut, in shell",32,665,12.6,62.6,19.0
坚果种子类-树坚果,071012,松子（炒）,"Pine-nut, in shell, roasted",31,644,14.1,58.5,21.4
坚果种子类-树坚果,071013,松子仁,"Pine-nut, kernel",100,718,13.4,70.6,12.2
坚果种子类-树坚果,071014,杏仁,Almond kernel,100,578,22.5,45.4,23.9
坚果种子类-树坚果,071015,杏仁（大杏仁）,"Almond kernel, large",100,540,19.9,42.9,27.8
坚果种子类-树坚果,071016,杏仁（炒）,"Almond kernel, in shell, roasted",91,618,25.7,51.0,18.7
坚果种子类-树坚果,071017,杏仁（原味）,Almond,100,596,21.3,50.6,19.7
坚果种子类-树坚果,071018,杏仁（漂白后）,"Almond, bleached",100,602,21.9,50.6,19.9
坚果种子类-树坚果,071019,杏仁（过油炸干）,"Almond, fried, whole",100,631,21.2,55.2,17.7
坚果种子类-树坚果,071020,杏仁（烤干，不加盐）,"Almond, roasted, without salt",100,617,22.1,52.8,19.3
坚果种子类-树坚果,071021,杏仁（烤干，加盐）,"Almond, roasted and salted, whole",100,617,22.1,52.8,19.3
坚果种子类-树坚果,071022,橡实［橡子，青冈子］,Blue Japanese oak,70,233,4.0,2.0,50.5
坚果种子类-树坚果,071024,榛子（干）,"Hazelnut, in shell, dried",27,561,20.0,44.8,24.3
坚果种子类-树坚果,071025,榛子（炒）,"Hazelnut, in shell , roasted",21,611,30.5,50.3,13.1
坚果种子类-树坚果,071026,山核桃（熟）［小核桃］,"Wild walnut or hickory nut, in shell, salted and roasted",45,658,8.3,64.5,21.3
坚果种子类-树坚果,071027,栗子［板栗］,"Chestnut, in shell, raw, from Miyun, Beijing",80,186,4.4,1.6,39.6
坚果种子类-树坚果,071028,栗子［板栗］,"Chestnut, in shell, raw, from Henan",80,192,4.4,1.4,41.9
坚果种子类-树坚果,071029,栗子［板栗］,"Chestnut, in shell, raw, from Shandong",80,168,4.4,1.0,36.3
坚果种子类-树坚果,071030,栗子［板栗］,"Chestnut, in shell, raw, from Qianxi, Hebei",80,182,3.8,0.9,40.7
坚果种子类-树坚果,071031,栗子［板栗］,"Chestnut, in shell, raw, from Xingtai, Hebei",80,183,4.3,1.1,39.9
坚果种子类-树坚果,071032,栗子仁（熟）,"Chestnut, roasted, shell removed",100,194,4.5,1.5,45.7
坚果种子类-树坚果,071033,松子（熟）,"Pine nut, in shell, salted and roasted",69,553,12.9,40.4,40.3
坚果种子类-树坚果,071034,杏仁（熟，带壳）,"Almond, in shell, salted and roasted",63,648,25.1,58.4,11.0
坚果种子类-树坚果,071035,杏仁（熟，去壳）,"Almond, shell removed, salted and roasted, large",100,625,28.0,54.4,11.1
坚果种子类-树坚果,071036,腰果（熟）,"Cashew nut, salted and roasted",100,615,24.0,50.9,20.4
坚果种子类-树坚果,071037,榛子（熟）,"Hazelnut, in shell, roasted",66,642,12.5,57.3,25.6
坚果种子类-树坚果,071038,榛子仁（熟）,"Hazelnut, without shell, salted and roasted",100,628,15.6,52.9,26.7
坚果种子类-树坚果,071039,开心果（熟）,"Pistachio, in shell, salted and roasted",82,631,20.6,53.0,21.9
坚果种子类-树坚果,071040,香榧（熟）,"Chinese torreya, in shell, salted and roasted",61,644,12.4,57.0,26.9
坚果种子类-种子,072001,胡麻子,False sesame seeds,98,450,19.1,30.7,39.5
坚果种子类-种子,072002,花生（鲜）［落花生，长生果］,Peanut，in shell，fresh,53,313,12.0,25.4,13.0
坚果种子类-种子,072003,花生（炒）,Peanut，in shell，roasted,71,601,21.7,48.0,23.8
坚果种子类-种子,072004,花生仁（生）,Peanut kernel，raw,100,574,24.8,44.3,21.7
坚果种子类-种子,072005,花生仁（炒）,Peanut kernel，roasted,100,589,23.9,44.4,25.7
坚果种子类-种子,072006,葵花子（生）,Sunflower seed，in shell,50,609,23.9,49.9,19.1
坚果种子类-种子,072007,葵花子（炒，咸）,Sunflower seed，in shell，roasted,52,625,22.6,52.8,17.3
坚果种子类-种子,072008,葵花子仁,Sunflower seed kernel,100,615,19.1,53.4,16.7
坚果种子类-种子,072009,莲子（干）,Lotus seed，dried,100,350,17.2,2.0,67.2
坚果种子类-种子,072010,莲子（糖水罐头）,Lotus seed，in sugar syrup,100,202,2.8,0.5,46.9
坚果种子类-种子,072011,南瓜子（炒）［白瓜子］,Pumpkin seed，in shell，roasted,68,582,36.0,46.1,7.9
坚果种子类-种子,072012,南瓜子仁,Pumpkin seed kernel,100,576,33.2,48.1,4.9
坚果种子类-种子,072013,西瓜子（炒）,Watermelon seed，roasted，in shell,43,582,32.7,44.8,14.2
坚果种子类-种子,072014,西瓜子,Watermelon seed，processed，in shell，plum flavored,38,567,30.3,46.5,13.4
坚果种子类-种子,072015,西瓜子仁,Watermelon seed，kernel,100,566,32.4,45.9,8.6
坚果种子类-种子,072016,芝麻子（白）,Sesame seed，white,100,536,18.4,39.6,31.5
坚果种子类-种子,072017,芝麻子（黑）,Sesame seed，black,100,559,19.1,46.1,24.0
坚果种子类-种子,072018,芡实米（鲜）［鸡头米］,Gorgon foxnut seeds，fresh,47,145,4.4,0.2,31.5
坚果种子类-种子,072019,芡实米（干）［鸡头米］,Gorgon euryale seed,100,352,8.3,0.3,79.6
坚果种子类-种子,072020,花生（烤，勤俭牌）,Peanut，in shell，salted and roasted，QINJIAN,72,586,26.4,46.3,21.2
坚果种子类-种子,072021,花生（烤，密日兴牌）,Peanut，in shell，salted and roasted，MIRIXING,71,475,16.6,22.3,55.9
坚果种子类-种子,072022,花生仁（油炸）,Peanut，without shell，fried，salted,100,583,22.2,47.1,26.2
坚果种子类-种子,072023,葵花子（熟，奶油香）,Sunflower seed，in shell，salted and roasted，butter flavor,51,620,22.7,54.1,17.9
坚果种子类-种子,072024,葵花子（熟，原味）,Sunflower seed，in shell，salted and roasted,48,591,28.5,49.0,15.1
坚果种子类-种子,072025,南瓜子（熟）［白瓜子］,Pumpkin seed，in shell，salted and roasted,69,615,26.6,52.8,12.9
坚果种子类-种子,072026,西瓜子（熟）［黑瓜子］,Watermelon seed，in shell，salted and roasted,38,550,29.0,46.0,9.5
干豆类及其制品-其他,039101,扁豆（干）,"Hyacinth bean, green, dried",100,339,25.3,0.4,61.9
干豆类及其制品-其他,039102,扁豆（干，白）,"Hyacinth bean, white, dried",100,283,19.0,1.3,55.6
干豆类及其制品-其他,039201,眉豆（干）［饭豇豆］,"Cowpea, catjang, dried",100,334,18.6,1.1,65.6
干豆类及其制品-其他,039202,豇豆（干）,"Common cowpea, dried",100,336,19.3,1.2,65.6
干豆类及其制品-其他,039203,豇豆（干，紫）,"Cowpea, purple, dried",100,329,18.9,0.4,65.8
干豆类及其制品-其他,039204,豇豆（煮）,"Cowpea, boiled",100,133,9.5,0.6,24.0
干豆类及其制品-其他,039301,豌豆（干）,"Carden pea, dried",100,334,20.3,1.1,65.8
干豆类及其制品-其他,039302,豌豆（花）,"Carden pea, variegated",100,336,21.6,1.0,63.6
干豆类及其制品-其他,039303,豌豆（煮）,"Pea, boiled",100,107,8.9,0.3,19.2
干豆类及其制品-其他,039401,鹰嘴豆［桃豆］,"Chickpeas, dried, raw",100,340,21.2,4.2,60.1
干豆类及其制品-其他,039901,荆豆（干）,"Gorse, dried",100,407,43.6,14.3,28.5
干豆类及其制品-其他,039902,木豆（干）［扭豆，豆蓉］,"Cajan, dried",100,348,19.8,4.5,58.8
干豆类及其制品-大豆,031101,黄豆［大豆］,Soybean,100,390,35.0,16.0,34.2
干豆类及其制品-大豆,031102,黑豆（干）［黑大豆］,Black soybean,100,401,36.0,15.9,33.6
干豆类及其制品-大豆,031103,青豆（干）［青大豆］,Green soybean,100,398,34.5,16.0,35.4
干豆类及其制品-大豆,031104,黄豆,Soybean，yellow,100,407,33.1,15.9,37.3
干豆类及其制品-大豆,031201,黄豆粉,Soybean flour,100,432,32.7,18.3,37.6
干豆类及其制品-大豆,031202,豆腐花［豆腐粉］,Soybean milk powder,100,401,10.0,2.6,84.3
干豆类及其制品-大豆,031203,豆浆粉,Soybean milk powder,100,426,19.7,9.4,66.8
干豆类及其制品-大豆,031206,豆奶粉（维维牌）,Soybean milk powder，WEIWEI，cow's milk and sugar added,100,421,19.4,9.4,65.2
干豆类及其制品-大豆,031207,豆奶粉（多力牌）,Soybean milk powder，DUOLI，cow's milk powder，egg powder and sugar added，calcium fortified,100,405,12.3,6.5,76.4
干豆类及其制品-大豆,031208,豆奶粉（大磨牌）,Soybean milk powder，DAMO，cow's milk added，calcium and iron fortified，unsweetened,100,432,27.4,13.0,51.6
干豆类及其制品-大豆,031301x,豆腐（代表值）,Tofu，Soybean curd，semisoft,100,84,6.6,5.3,3.4
干豆类及其制品-大豆,031304,豆腐（内酯）,Tofu，Soybean curd，coagulated with gluconalactone，soft,100,50,5.0,1.9,3.3
干豆类及其制品-大豆,031305,豆腐脑［老豆腐］,Soybean curd，soft，cooked with pickled vegetables,100,15,1.9,0.8,0.0
干豆类及其制品-大豆,031306,豆腐（北豆腐）,Tofu，Soybean curd，semisoft，Northern style,100,116,9.2,8.1,3.0
干豆类及其制品-大豆,031307,豆腐（南豆腐）,Tofu，Soybean curd，soft，Southern style,100,87,5.7,5.8,3.9
干豆类及其制品-大豆,031402,豆奶［豆乳］,Soybean milk，mixed with bovine milk,100,30,2.4,1.5,1.8
干豆类及其制品-大豆,031403,豆汁（生）,*Sour soybean drink*，fermented ground beans,100,10,0.9,0.1,1.4
干豆类及其制品-大豆,031404,酸豆奶,Sour soybean milk，fermented,100,67,2.2,1.2,11.8
干豆类及其制品-大豆,031405,豆浆,Soybean milk ，unsweetened,100,31,3.0,1.6,1.2
干豆类及其制品-大豆,031406,豆浆（甜）,Soybean milk ，sweetened,100,34,2.4,0.5,4.9
干豆类及其制品-大豆,031501,豆腐丝,Soybean curd sheet，thin strip，semisoft,100,203,21.5,10.5,6.2
干豆类及其制品-大豆,031502,豆腐丝（干）,Soybean curd sheet，thin strip，dried,100,451,57.7,22.8,3.7
干豆类及其制品-大豆,031503,豆腐丝（油）,Soybean curd sheet，thin strip，deep fried,100,304,24.2,17.1,14.5
干豆类及其制品-大豆,031504,豆腐卷,Soybean curd sheet，rolled,100,203,17.9,11.6,7.2
干豆类及其制品-大豆,031506,油豆腐,"Soybean curd, diced, deep fried",100,245,17.0,17.6,4.9
干豆类及其制品-大豆,031507,腐竹,"Soybean milk film, stick shaped, skimmed from soy milk, dried",100,461,44.6,21.7,22.3
干豆类及其制品-大豆,031508,枝竹,"*Soy bamboo* film, skimmed from soy milk, rolled",100,478,44.4,24.7,20.8
干豆类及其制品-大豆,031509,千张［百页］,"Soybean curd sheet, semisoft",100,262,24.5,16.0,5.5
干豆类及其制品-大豆,031510x,豆腐干（代表值）,"Soybean curd slab, semisoft",100,197,14.9,11.3,9.6
干豆类及其制品-大豆,031511,豆腐干（菜干）,"Soybean curd slab, salted, semisoft",100,137,13.4,7.1,5.0
干豆类及其制品-大豆,031512,豆腐干（臭干）,"Fermented soybean curd slab, semisoft, pungent",100,99,10.2,4.6,4.5
干豆类及其制品-大豆,031513,豆腐干（酱油干）,"Soybean curd slab, with soy sauce, semisoft",100,157,14.9,9.1,4.0
干豆类及其制品-大豆,031514,豆腐干（卤干）,"Soybean curd slab, cooked in soy sauce, semisoft",100,339,14.5,16.7,33.4
干豆类及其制品-大豆,031515,豆腐干（蒲包干）,"Soybean curd slab, semisoft",100,135,12.1,5.7,8.9
干豆类及其制品-大豆,031516,豆腐干（香干）,"Soybean curd slab, cooked with spices, semisoft",100,152,15.8,7.8,5.1
干豆类及其制品-大豆,031517,豆腐干（小香干）,"Soybean curd slab, spiced, semisoft",100,174,17.9,9.1,5.4
干豆类及其制品-大豆,031518,豆腐干（熏干）,"Soybean curd slab, smoked, semisoft",100,154,15.8,6.2,8.8
干豆类及其制品-大豆,031519,豆肝尖,"Soybean curd pieces, cooked with spices, semisoft",100,203,17.2,12.0,9.4
干豆类及其制品-大豆,031520,素大肠,"*Soy intestine*, rolled sheet, cooked with spices, semisoft",100,155,18.1,3.6,13.0
干豆类及其制品-大豆,031521,素火腿,"*Soy ham*, rolled sheet, cooked with spices, semisoft",100,213,19.1,13.2,4.8
干豆类及其制品-大豆,031522,素鸡,"*Soy chicken *, rolled sheet, cooked with spices, semisoft",100,194,16.5,12.5,4.2
干豆类及其制品-大豆,031523,素鸡丝卷,"*Soy chicken shreds*, thin strip of rolled sheet, with spices",100,197,11.2,13.7,10.1
干豆类及其制品-大豆,031524,素什锦,"Mixed soybean curd, cooked with soy sauce, semisoft",100,177,14.0,10.2,8.3
干豆类及其制品-大豆,031525,炸素虾,"*Soy shrimp*, spices, deep fried",100,582,27.6,44.4,19.3
干豆类及其制品-大豆,031526,烤麸,"Wheat gluten, cooked with soy sauce and sugar",100,121,20.4,0.3,9.3
干豆类及其制品-大豆,031527,豆腐皮,"Soybean sheet, dried, skimmed from soybean milk",100,447,51.6,23.0,12.5
干豆类及其制品-大豆,031528,腐竹,"Soybean stick, dried, skimmed from soybean milk",100,485,54.2,27.2,8.1
干豆类及其制品-大豆,031529,豆腐干,"Soybean curd slab, semisoft",100,427,19.6,35.2,11.4
干豆类及其制品-绿豆,032101,绿豆（干）,"Mung bean, dried",100,329,21.6,0.8,62.0
干豆类及其制品-绿豆,032102,绿豆面,Mung bean flour,100,341,20.8,0.7,65.8
干豆类及其制品-绿豆,032201,绿豆饼,Mung bean pancake,100,122,15.2,1.2,12.7
干豆类及其制品-芸豆,034101,花豆（干，红）,"Kidney bean, red, dried",100,328,19.1,1.3,62.7
干豆类及其制品-芸豆,034102,花豆（干，紫）,"Kidney bean, purple, dried",97,330,17.2,1.4,65.8
干豆类及其制品-芸豆,034103,芸豆（干，白）,"Kidney bean, white, dried",100,315,23.4,1.4,57.2
干豆类及其制品-芸豆,034104,芸豆（干，红）,"Kidney bean, red, dried",100,331,21.4,1.3,62.5
干豆类及其制品-芸豆,034105,芸豆（干，虎皮）,"Kidney bean, variegated, dried",100,341,22.5,0.9,62.5
干豆类及其制品-芸豆,034106,芸豆（干，杂，带皮）,"Kidney bean, multi colored, dried",100,327,22.4,0.6,63.3
干豆类及其制品-蚕豆,035101,蚕豆（干）,Broad bean，dried,100,338,21.6,1.0,61.5
干豆类及其制品-蚕豆,035102,蚕豆（带皮）,Broad bean，with seed coat,93,326,24.6,1.1,59.9
干豆类及其制品-蚕豆,035103,蚕豆（去皮）,Broad bean，seed coat removed,100,347,25.4,1.6,58.9
干豆类及其制品-蚕豆,035104,马牙大豆（干）,Broad bean，*Maya*，dried,100,338,27.2,0.9,59.4
干豆类及其制品-蚕豆,035105,脑豆（干）,Broad bean，*Naodou*，dried,100,363,23.4,3.8,59.6
干豆类及其制品-蚕豆,035201,蚕豆（烤）,Broad bean，roasted,100,377,27.0,2.0,63.8
干豆类及其制品-蚕豆,035202,蚕豆（炸）［开花豆］,Broad bean，deep fried,100,447,26.7,20.0,40.4
干豆类及其制品-蚕豆,035203,蚕豆（煮）,Broad bean，immature seeds，cooked，boiled，drained，without salt,100,62,4.8,0.5,10.1
干豆类及其制品-赤豆,033101,赤小豆（干）［小豆，红小豆］,Red bean，dried,100,324,20.2,0.6,63.4
干豆类及其制品-赤豆,033201,小豆粥,Adzuki bean porridge，with osmanthus flower & sugar,100,62,1.2,0.4,13.7
干豆类及其制品-赤豆,033204,红豆沙（去皮）,Adzuki bean paste，skin removed，sweetened,100,244,4.5,0.1,57.1
干豆类及其制品-赤豆,033205,红豆馅,Adzuki bean paste，with skin，sweetened,100,261,4.5,0.2,61.7
植物油-植物油,192001,菜籽油［青油］,Rapeseed oil,100,899*,Tr,99.9,0
植物油-植物油,192002,茶油,Tea-seed oil,100,899*,Tr,99.9,0
植物油-植物油,192003,大麻油［粟米油］,Sesame oil,100,899*,Tr,99.9,0
植物油-植物油,192004,豆油,Soybean oil,100,899*,Tr,99.9,0
植物油-植物油,192005,红花油,safflower oil,100,899*,Tr,99.9,0
植物油-植物油,192006,胡麻油,Linseed oil,100,900*,—,100.0,0
植物油-植物油,192007,花生油,Peanut oil,100,899*,Tr,99.9,0
植物油-植物油,192008,混合油（菜+棕）,Mixed oil，rapeseed and palm oil,100,900*,—,99.9,0.1
植物油-植物油,192009,葵花子油,Sunflower seed oil,100,899*,Tr,99.9,0
植物油-植物油,192010,辣椒油,*Chili oil*，fried with chili pepper,100,900*,—,100.0,0
植物油-植物油,192011,麻子籽,,,,,,
植物油-植物油,192012,麦胚油,Wheatgerm oil,100,899*,Tr,99.9,0
植物油-植物油,192013,棉籽油,Cottonseed oil,100,899*,Tr,99.8,0.1
植物油-植物油,192014,色拉油,Salad oil，mix oil,100,898*,Tr,99.8,0
植物油-植物油,192015,椰子油,Coconut oil,100,899*,Tr,99.9,0
植物油-植物油,192016,玉米油,Corn oil,100,895*,Tr,99.2,0.5
植物油-植物油,192017,芝麻油［香油］,Sesame oil,100,898*,Tr,99.7,0.2
植物油-植物油,192018,棕榈油,Palm oil,100,900*,—,100.0,0
植物油-植物油,192019,橄榄油,Olive oil,100,899*,Tr,99.9,0
水果类及其制品-仁果类,061101x,苹果（代表值）,Apple,85,53,0.4,0.2,13.7
水果类及其制品-仁果类,061102,伏苹果,Summer apple,86,48,0.5,0.1,11.8
水果类及其制品-仁果类,061103,国光苹果,*Bright China* apple,78,56,0.3,0.3,13.3
水果类及其制品-仁果类,061104,旱苹果,*Drought* apple,96,34,0.4,0.2,8.4
水果类及其制品-仁果类,061105,红富士苹果,*Red Fuji* apple,85,49,0.7,0.4,11.7
水果类及其制品-仁果类,061106,红香蕉苹果,*Banana* apple，banana flavored，red,87,51,0.4,0.2,12.3
水果类及其制品-仁果类,061107,红星苹果,*Red star* apple,85,58,0.4,0.1,14.3
水果类及其制品-仁果类,061108,红玉苹果,*Red Jade* apple,84,52,0.2,0.2,14.7
水果类及其制品-仁果类,061109,红元帅苹果,*Red Marshal* apple，red,84,60,0.2,0.4,14.3
水果类及其制品-仁果类,061110,黄香蕉苹果,*Banana* apple，banana flavored，yellow,88,53,0.3,0.2,13.7
水果类及其制品-仁果类,061111,黄元帅苹果,*Yellow Marshal* apple，yellow,80,59,0.2,0.3,14.7
水果类及其制品-仁果类,061112,金元帅苹果,*Gold Marshal* apple，yellow,78,53,0.2,0.1,13.3
水果类及其制品-仁果类,061113,青香蕉苹果,*Banana* apple，banana flavored，green,80,52,0.3,0.1,13.1
水果类及其制品-仁果类,061114,秋里蒙苹果,*Qiulimeng* apple,85,43,0.2,0.2,11.9
水果类及其制品-仁果类,061115,香玉苹果,*Fragrant Jade* apple，red,69,62,0.5,0.1,15.7
水果类及其制品-仁果类,061116,印度苹果,Indian apple,90,54,0.6,0.2,14.8
水果类及其制品-仁果类,061117,祝光苹果,*Blessing* apple,86,50,0.4,0.1,12.5
水果类及其制品-仁果类,061118,倭锦苹果,*Crisp* pear,86,54,0.2,0.2,13.6
水果类及其制品-仁果类,061119,苹果（罐头）,"Apple, canned",100,41,0.2,0.2,10.3
水果类及其制品-仁果类,061201x,梨（代表值）,Pear,82,51,0.3,0.1,13.1
水果类及其制品-仁果类,061202,梨（巴梨）,*Ba* pear,79,51,0.4,0.2,12.9
水果类及其制品-仁果类,061203,长把梨,"Pear, long stem",80,62,0.8,0.8,14.9
水果类及其制品-仁果类,061204,冬果梨,*Winter fruit* pear,87,46,0.4,0.2,12.8
水果类及其制品-仁果类,061205,鹅黄梨,*Light yellow* pear,68,41,0.3,0.1,10.7
水果类及其制品-仁果类,061206,红肖梨,*Red skin* pear,87,36,0.2,Tr,10.5
水果类及其制品-仁果类,061207,锦丰梨,*Jinfeng* pear,92,51,0.2,0.1,13.9
水果类及其制品-仁果类,061208,京白梨,Bretsehneider pear,79,57,0.2,0.5,13.7
水果类及其制品-仁果类,061209,库尔勒香梨,*Kuerle* pear,91,42,0.1,0.1,13.4
水果类及其制品-仁果类,061210,莱阳梨,*Laiyang* pear,80,54,0.3,0.2,14.1
水果类及其制品-仁果类,061211,马蹄黄梨,*Snowflower* pear,74,50,0.3,0.1,12.5
水果类及其制品-仁果类,061212,明月梨,*Moon* pear,81,54,0.3,0.2,13.3
水果类及其制品-仁果类,061213,木梨,*Wood* pear,80,32,0.4,0.1,8.2
水果类及其制品-仁果类,061214,苹果梨,*Apple* pear,94,53,0.2,0.1,13.9
水果类及其制品-仁果类,061215,软梨,*Soft* pear,68,32,0.4,0.2,11.7
水果类及其制品-仁果类,061216,苏梅梨,*Sumei* pear,88,77,1.2,0.2,20.5
水果类及其制品-仁果类,061217,苏木梨,*Sumu* pear,88,52,0.6,0.3,13.1
水果类及其制品-仁果类,061218,酥梨,*Crisp* pear,72,45,0.3,0.1,11.4
水果类及其制品-仁果类,061219,酸梨,Sour pear,85,33,0.1,0.1,9.8
水果类及其制品-仁果类,061220,香梨,*Fragrant* pear,89,51,0.3,0.1,13.6
水果类及其制品-仁果类,061221,雪花梨,*Snowflower* pear,86,42,0.2,0.1,10.6
水果类及其制品-仁果类,061222,雪梨,*Snow* pear,93,79,0.9,0.1,20.2
水果类及其制品-仁果类,061223,鸭广梨,*Yaguang* pear,76,60,0.6,0.2,16.5
水果类及其制品-仁果类,061224,鸭梨,*Duck* pear,82,45,0.2,0.2,11.1
水果类及其制品-仁果类,061225,早酥梨,"*Crisp* pear, early crop",92,50,0.2,0.2,13.6
水果类及其制品-仁果类,061226,紫酥梨,*Zisu* pear,59,51,0.3,0.1,13.3
水果类及其制品-仁果类,061227,鳄梨,Avocado,100,171,2.0,15.3,7.4
水果类及其制品-仁果类,061228,冬果梨（罐头）,"*Winter fruit* pear, canned",100,56,0.3,—,15.9
水果类及其制品-仁果类,061229,梨（糖水罐头）,"Pear, canned in sugar",100,36,0.5,0.2,8.8
水果类及其制品-仁果类,061301,红果［山里红，大山楂］,"Hawthorn, large",76,102,0.5,0.6,25.1
水果类及其制品-仁果类,061302,红果（干）,"Hawthorn, large, dried",100,251,4.3,2.2,78.4
水果类及其制品-仁果类,061901,海棠果［楸子］,Crabapple,86,76,0.3,0.2,19.2
水果类及其制品-仁果类,061902,海棠（罐头）,"Crabapple, canned",100,56,0.5,0.2,13.6
水果类及其制品-仁果类,061903,沙果,Crabapple,95,70,0.4,0.1,17.8
水果类及其制品-仁果类,061904,吊蛋,"*Hanging egg* wild pear, brown-skinned",95,65,0.8,0.4,16.8
水果类及其制品-仁果类,061905,面蛋,"Wild pear, *Miandan*, only juice is consumed",60,91,1.6,0.5,21.7
水果类及其制品-仁果类,061906,酸刺,"Spinyleaf crazyweed, spine, a kind of wild fruit",16,112,2.8,0.3,25.5
水果类及其制品-仁果类,061907,蛇果,"Apple, red delicious",84,59,0.1,0.2,14.9
水果类及其制品-柑橘类,064101,橙,Orange,74,48,0.8,0.2,11.1
水果类及其制品-柑橘类,064202,福橘,*Fu* Tangerine,67,46,1.0,0.2,10.3
水果类及其制品-柑橘类,064203,橘柑子［宽皮桂］,Satsuma orange,78,44,0.8,0.1,10.2
水果类及其制品-柑橘类,064204,橘（金橘）［金枣］,Kumquat，oval,89,58,1.0,0.2,13.7
水果类及其制品-柑橘类,064205,芦橘,*Lugan* tangerine,77,44,0.6,0.2,10.3
水果类及其制品-柑橘类,064206,蜜橘,*Honey* tangerine,76,45,0.8,0.4,10.3
水果类及其制品-柑橘类,064207,三湖红橘,*Three lakes* tangerine，red-skinned,68,43,0.8,0.3,10.0
水果类及其制品-柑橘类,064208,橘（四川红橘）,*Sichuan* tangerine，rad-skinned,78,42,0.7,0.1,9.8
水果类及其制品-柑橘类,064209,小叶橘,*Small leaf* tangerine,81,40,1.1,0.2,8.8
水果类及其制品-柑橘类,064210,早橘,*Early* tangerine，early maturing,82,57,1.2,0.2,12.6
水果类及其制品-柑橘类,064211,橘饼,Tangerine，preserved in sugar,100,371,0.6,0.4,92.9
水果类及其制品-柑橘类,064301,柚［文旦］,Pomelo,69,42,0.8,0.2,9.5
水果类及其制品-柑橘类,064302,柠檬,Lemon,66,37,1.1,1.2,6.2
水果类及其制品-柑橘类,064303,葡萄柚［西柚］,Grapefruit，from Taiwan of China,73,33,0.7,0.3,7.8
水果类及其制品-柑橘类,064304,葡萄柚［西柚］,Grapefruit，from Israel,65,40,0.7,0.1,10.0
水果类及其制品-核果类,062101x,桃（代表值）,Peach,89,42,0.6,0.1,10.1
水果类及其制品-核果类,062102,白粉桃,White peach,93,26,1.3,0.1,5.5
水果类及其制品-核果类,062103,高山白桃,*Mountain* peach，white,69,42,0.7,0.2,10.1
水果类及其制品-核果类,062104,旱久保桃,*Jiubao* peach，early maturing,89,48,0.9,0.1,11.3
水果类及其制品-核果类,062105,桃（黄桃）,Yellow peach,93,56,0.5,0.1,14.0
水果类及其制品-核果类,062106,金红桃,*Golden red* peach,88,28,0.7,0.1,6.6
水果类及其制品-核果类,062107,桃（久保桃）,*Jiubao* Peach,94,42,0.6,0.1,10.0
水果类及其制品-核果类,062109,蒲桃,*Pu* peach,69,39,0.5,0.2,10.2
水果类及其制品-核果类,062110,庆丰桃,*Celebrate Harvest* peach,93,42,0.6,0.1,10.1
水果类及其制品-核果类,062111,晚桃（黄）,Peach，yellow，late maturing,75,41,0.7,0.2,9.6
水果类及其制品-核果类,062112,五月鲜桃,*May fresh* peach,93,41,0.4,0.1,10.0
水果类及其制品-核果类,062113,早桃（黄）,Peach，yellow，early maturing,73,41,0.4,0.1,10.1
水果类及其制品-核果类,062115,蜜桃,Peach，*Honey* type,88,46,0.6,0.1,11.0
水果类及其制品-核果类,062116,桃（糖水罐头）,Peach，canned in syrup,100,60,0.3,0.2,14.5
水果类及其制品-核果类,062201,李子,*Apricot* plum,91,38,0.7,0.2,8.7
水果类及其制品-核果类,062202,李子杏,*Plum* apricot,92,37,1.0,0.1,8.6
水果类及其制品-核果类,062203,梅［青梅］,Stellatehair vatica,93,34,0.9,0.9,6.2
水果类及其制品-核果类,062204,杏,Apricot,91,38,0.9,0.1,9.1
水果类及其制品-核果类,062205,杏（罐头）,Apricot，canned,100,40,0.6,0.2,9.7
水果类及其制品-核果类,062206,杏干,Apricot，dried,25,338,2.7,0.4,83.2
水果类及其制品-核果类,062207,布朗,American plum or hog plum,87,44,0.6,0.2,10.7
水果类及其制品-核果类,062208,西梅,Prune or garden plum,76,42,0.7,0.1,10.3
水果类及其制品-核果类,062301,枣（鲜）,Date,87,125,1.1,0.3,30.5
水果类及其制品-核果类,062302,枣（干）,Date，dried,80,276,3.2,0.5,67.8
水果类及其制品-核果类,062303,枣（干，大）,Date，large，dried,88,317,2.1,0.4,81.1
水果类及其制品-核果类,062304,枣（金丝小枣）,Date，*Jinsi* small,81,308,1.2,1.1,76.7
水果类及其制品-核果类,062305,乐陵枣,Date，*Leling*，small,76,233,3.3,0.6,57.9
水果类及其制品-核果类,062306,密云小枣,*Miyun* date，small,92,229,3.9,0.8,55.2
水果类及其制品-核果类,062307,黑枣（无核）［乌枣］,Dateplum persimmon，seeds removed，dried,98,234,1.7,0.3,57.3
水果类及其制品-核果类,062308,黑枣（有核）,Date，black，smoked,59,246,3.7,0.5,61.4
水果类及其制品-核果类,062309,酒枣,Date，preserved in liquor,91,148,1.6,0.2,35.7
水果类及其制品-核果类,062310,蜜枣［椰枣］,*Honey* date，deglet noor,100,333,1.3,0.2,84.4
水果类及其制品-核果类,062312,冬枣,Winter jujube,93,113,1.8,0.2,27.8
水果类及其制品-核果类,062313,小枣（干）,Date，dried,81,275,2.7,0.7,66.8
水果类及其制品-核果类,062901,酸枣,Spine date,52,300,3.5,1.5,73.3
水果类及其制品-核果类,062902,樱桃,False sour cherry,80,46,1.1,0.2,10.2
水果类及其制品-核果类,062903,樱桃（野，白刺）,Downy cherry，wild，white prickle,23,304,11.4,3.9,59.8
水果类及其制品-浆果类,063101x,葡萄（代表值）,Grape,86,45,0.4,0.3,10.3
水果类及其制品-浆果类,063102,红玫瑰葡萄,*Red rose* grape,96,42,0.4,0.2,10.7
水果类及其制品-浆果类,063103,葡萄（巨峰）,"*Giant* grape, large",84,51,0.4,0.2,12.0
水果类及其制品-浆果类,063104,葡萄（马奶子）,"*Mare's nipple* grape, green",84,41,0.5,0.4,9.1
水果类及其制品-浆果类,063105,葡萄（玫瑰香）,"*Rose fragrant* grape, rose flavored",86,52,0.4,0.4,12.1
水果类及其制品-浆果类,063106,紫葡萄,"Grape, purple",88,45,0.7,0.3,10.3
水果类及其制品-浆果类,063107,葡萄干,Raisin,100,344,2.5,0.4,83.4
水果类及其制品-浆果类,063201x,石榴（代表值）,"Pomegranate, pale green-skinned",57,72,1.3,0.2,18.5
水果类及其制品-浆果类,063202,石榴（红粉皮）,"Pomegranate, pink-skinned",57,74,1.3,0.1,19.4
水果类及其制品-浆果类,063203,石榴（玛瑙）,*Agate* pomegranate,60,72,1.6,0.2,18.4
水果类及其制品-浆果类,063204,石榴（青皮）,"Pomegranate, pale green-skinned",55,71,1.2,0.2,18.5
水果类及其制品-浆果类,063301,柿,Persimmon,87,74,0.4,0.1,18.5
水果类及其制品-浆果类,063302,荷柿,*Lotus * persimmon,98,65,0.6,0.2,17.1
水果类及其制品-浆果类,063303,磨盘柿,*Millstone* persimmon,98,79,0.7,0.1,19.6
水果类及其制品-浆果类,063304,柿饼,"Persimmon, dried",97,255,1.8,0.2,62.8
水果类及其制品-浆果类,063901x,桑葚（代表值）,Mulberry,100,57,1.7,0.4,13.8
水果类及其制品-浆果类,063902,桑葚（白）,"Mulberry, white",100,60,1.8,0.3,14.9
水果类及其制品-浆果类,063903,桑葚（红）,"Mulberry, purple",100,55,1.6,0.4,12.9
水果类及其制品-浆果类,063904,桑葚（干）,"Mulberry, dried",100,298,21.1,6.1,54.2
水果类及其制品-浆果类,063905,醋栗［灯笼果］,Gooseberry,100,46,0.9,0.6,10.2
水果类及其制品-浆果类,063906,黑醋栗［黑加仑］,Currant,100,66,1.4,0.4,15.4
水果类及其制品-浆果类,063907,沙棘,Sea buckthorn,87,120,0.9,1.8,25.5
水果类及其制品-浆果类,063908,无花果,Fig,100,65,1.5,0.1,16.0
水果类及其制品-浆果类,063909,中华猕猴桃［毛叶猕猴桃］,Chinese kiwi fruit,83,61,0.8,0.6,14.5
水果类及其制品-浆果类,063910,草莓［洋莓，凤阳草莓］,Strawberry,97,32,1.0,0.2,7.1
水果类及其制品-浆果类,063911,红提子葡萄,Grape or fox grape,86,54,0.4,0.2,13.1
水果类及其制品-浆果类,063912,无花果（干）,"Fig, dried",100,361,3.6,4.3,77.8
水果类及其制品-热带亚热带水果,065001,芭蕉［甘蕉，板蕉，牙蕉］,Plantain,68,115,1.2,0.1,28.9
水果类及其制品-热带亚热带水果,065002,菠萝［凤梨，地菠萝］,Pineapple,68,44,0.5,0.1,10.8
水果类及其制品-热带亚热带水果,065003,菠萝蜜［木菠萝］,Jackfruit flesh,43,105,0.2,0.3,25.7
水果类及其制品-热带亚热带水果,065004,刺梨［茨梨，木梨子］,Bureja gooseberry,100,63,0.7,0.1,16.9
水果类及其制品-热带亚热带水果,065005,番石榴［鸡矢果，番桃］,Guava,97,53,1.1,0.4,14.2
水果类及其制品-热带亚热带水果,065006,桂圆,Longan,50,71,1.2,0.1,16.6
水果类及其制品-热带亚热带水果,065007,桂圆（干）,Longan，dried,37,277,5.0,0.2,64.8
水果类及其制品-热带亚热带水果,065008,桂圆肉,Longan flesh,100,317,4.6,1.0,73.5
水果类及其制品-热带亚热带水果,065009,黄皮果,Wampee,59,39,1.6,0.2,9.9
水果类及其制品-热带亚热带水果,065010,荔枝,Lychee,73,71,0.9,0.2,16.6
水果类及其制品-热带亚热带水果,065011,芒果［抹猛果，望果］,Mango,60,35,0.6,0.2,8.3
水果类及其制品-热带亚热带水果,065012,木瓜［番木瓜］,Papaya,86,29,0.4,0.1,7.0
水果类及其制品-热带亚热带水果,065013,人参果,Silverweed cinquefoil,88,86,0.6,0.7,21.2
水果类及其制品-热带亚热带水果,065015,杨梅［树梅，山杨梅］,Bayberry,82,30,0.8,0.2,6.7
水果类及其制品-热带亚热带水果,065016,杨桃,Common averrhoa,88,31,0.6,0.2,7.4
水果类及其制品-热带亚热带水果,065017,椰子,Coconut,33,241,4.0,12.1,31.3
水果类及其制品-热带亚热带水果,065018,枇杷,Loquat,62,41,0.8,0.2,9.3
水果类及其制品-热带亚热带水果,065019,橄榄（白榄）,Chinese olive，white,80,57,0.8,0.2,15.1
水果类及其制品-热带亚热带水果,065020,余柑子［油柑子］,Emblic leaf flower,80,45,0.3,0.1,12.4
水果类及其制品-热带亚热带水果,065021,桂圆（干）,Longan，dried,34,319,5.6,0.2,76.2
水果类及其制品-热带亚热带水果,065022,红毛丹,Rambutan,79,82,1.0,1.2,17.5
水果类及其制品-热带亚热带水果,065023,火龙果［仙蜜果、红龙果］,Pitaya or dragon fruit,69,55,1.1,0.2,13.3
水果类及其制品-热带亚热带水果,065024,荔枝（干）,Litchi，dried,56,328,4.5,1.2,77.4
水果类及其制品-热带亚热带水果,065025,榴莲,Durian,37,150,2.6,3.3,28.3
水果类及其制品-热带亚热带水果,065026,芒果（大头）,Mango，*Datou*,68,52,0.5,0.1,12.9
水果类及其制品-热带亚热带水果,065027,木瓜［番木瓜］,Papaya,89,30,0.6,Tr,7.2
水果类及其制品-热带亚热带水果,065028,酸木瓜,sour papaya,79,41,0.3,0.2,11.1
水果类及其制品-热带亚热带水果,065029,蒲桃［香果、水石榴］,Rose apple,69,41,0.6,Tr,10.1
水果类及其制品-热带亚热带水果,065030,山竹,Mangosteen,25,72,0.4,0.2,18.0
水果类及其制品-热带亚热带水果,065031,香蕉（红皮）,Banana，red skin，from Hainan,70,86,1.1,0.2,20.8
水果类及其制品-热带亚热带水果,065032,香蕉（红皮）,Banana，red skin，from Thailand,67,81,1.1,0.2,19.7
水果类及其制品-热带亚热带水果,065033,香蕉［甘蕉］,Banana,59,93,1.4,0.2,22.0
水果类及其制品-瓜果类,066101,白金瓜,"Conomon, white-skinned",70,25,0.4,—,6.2
水果类及其制品-瓜果类,066102,白兰瓜,"Honeydew, white-skinned, light green pulp",55,23,0.6,0.1,5.3
水果类及其制品-瓜果类,066103,哈密瓜,*Hami* cantaloup,71,34,0.5,0.1,7.9
水果类及其制品-瓜果类,066104,黄河蜜瓜,*Yellow River* honey melon,56,11,0.4,Tr,4.0
水果类及其制品-瓜果类,066105,金塔寺瓜,*Jintasi* melon,81,10,0.6,0.1,2.0
水果类及其制品-瓜果类,066106,灵蜜瓜,*Lingmi* melon,71,4,0.5,0.1,0.4
水果类及其制品-瓜果类,066107,麻醉瓜,*Chamring* melon,66,17,0.7,0.1,3.6
水果类及其制品-瓜果类,066108,甜瓜［香瓜］,Casaba,78,26,0.4,0.1,6.2
水果类及其制品-瓜果类,066201x,西瓜（代表值）,Watermelon,59,31,0.5,0.3,6.8
水果类及其制品-瓜果类,066202,西瓜（京欣一号）,"Watermelon, *Jingxin #1*",59,34,0.5,Tr,8.1
水果类及其制品-瓜果类,066203,西瓜（郑州三号）,"Watermelon, *Zhengzhou #3*",59,26,0.6,0.1,5.7
水果类及其制品-瓜果类,066204,西瓜（忠于6号，黑皮）,"Watermelon, *Zhongyu #6*, dark green-skinned",64,32,0.5,0.5,6.5
水果类及其制品-瓜果类,066205,子瓜,Seed-watermelon,46,5,0.2,0.3,0.6
水果类及其制品-瓜果类,066206,小西瓜［地雷瓜］,"Water melon, small",62,30,0.8,0.1,6.7
畜肉类及其制品-其他,089001,狗肉,Dog meat,80,116,16.8,4.6,1.8
畜肉类及其制品-其他,089002,骆驼蹄,Camel leg,100,116,25.6,1.4,0.2
畜肉类及其制品-其他,089003,骆驼掌,Camel hoof,100,310,72.8,2.0,0.3
畜肉类及其制品-其他,089004,兔肉,Rabbit meat,100,102,19.7,2.2,0.9
畜肉类及其制品-其他,089005,兔肉（野）,"Hare meat, wild",100,84,16.6,2.0,0.0
畜肉类及其制品-其他,089006,鹿肉（养殖梅花鹿）,,100,92,19.7,1.3,0.3
畜肉类及其制品-牛,082101x,牛肉（代表值，fat9g）,Beef，lean and fat,100,160,20.0,8.7,0.5
畜肉类及其制品-牛,082102,牛肉（肋条）,Beef，short rib,100,123,18.6,5.4,0.0
畜肉类及其制品-牛,082103,牛肉（后腿）,Beef，round,100,106,20.9,2.0,1.1
畜肉类及其制品-牛,082104,牛肉（后腱）,Beef，hind shank,94,98,20.1,1.0,2.2
畜肉类及其制品-牛,082105,牛肉（里脊肉）［牛柳］,Beef，tenderloin,100,107,22.2,0.9,2.4
畜肉类及其制品-牛,082106,牛肉（前腿）,Beef，fore leg,100,105,19.2,1.8,2.9
畜肉类及其制品-牛,082107,牛肉（前腱）,Beef，shoulder,95,113,20.3,1.3,5.1
畜肉类及其制品-牛,082108x,牛肉（代表值，瘦，fat3g）,Beef，lean,100,113,21.3,2.5,1.3
畜肉类及其制品-牛,082109,牛蹄筋（生）,Beef，tendon，raw,100,151,34.1,0.5,2.6
畜肉类及其制品-牛,082110,牛蹄筋（泡发）,Beef，tendon，soaked in water,100,25,6.0,Tr,0.2
畜肉类及其制品-牛,082111,牛肉（背部肉）［上脑］,,100,193,17.4,12.4,3.0
畜肉类及其制品-牛,082112,牛肉（里脊肉）［牛柳］,,100,134,22.3,5.0,0.0
畜肉类及其制品-牛,082113,牛肉（臀部肉）［紫盖、白板］,,100,117,22.6,2.6,0.9
畜肉类及其制品-牛,082114,牛肉（肩部肉）［肩肉］,,100,342,14.1,31.7,0.0
畜肉类及其制品-牛,082115,牛肉（胸部肉）［牛胸］,,100,326,16.6,28.8,0.0
畜肉类及其制品-牛,082116,牛肉（腹部肉）［牛腩］,,100,332,17.1,29.3,0.0
畜肉类及其制品-牛,082117,牛肉（膝圆肉）［和尚头］,,100,106,22.4,1.8,0.1
畜肉类及其制品-牛,082118,牛肉（股内肉）［针扒、米龙、黄瓜条］,,100,119,22.8,2.9,0.4
畜肉类及其制品-牛,082119,牛肉（小腿肉）［牛展、牛腱子］,,100,122,23.0,3.3,0.0
畜肉类及其制品-牛,082120,牦牛肉,,100,119,23.1,1.4,3.4
畜肉类及其制品-牛,082121,牦牛牛腱肉（冻，鲜）,,100,100,21.2,0.8,2.0
畜肉类及其制品-牛,082122,牦牛牛霖肉（冻，鲜）,,100,110,22.5,1.0,2.7
畜肉类及其制品-牛,082201,牛鞭（泡发）,Beef，penis，soaked in water,100,117,27.2,0.9,0.0
畜肉类及其制品-牛,082202,牛大肠,Beef，large intestine,100,66,11.0,2.3,0.4
畜肉类及其制品-牛,082203,牛肚,Beef，tripe,100,72,14.5,1.6,0.0
畜肉类及其制品-牛,082204,牛肺,Beef，lung,100,95,16.5,2.5,1.5
畜肉类及其制品-牛,082205,牛肝,Beef，liver,100,139,19.8,3.9,6.2
畜肉类及其制品-牛,082206,牛脑,Beef，brain,100,149,12.5,11.0,0.1
畜肉类及其制品-牛,082207,牛舌,Beef，tongue,100,196,17.0,13.3,2.0
畜肉类及其制品-牛,082208,牛肾,Beef，kidney,89,94,15.6,2.4,2.6
畜肉类及其制品-牛,082209,牛心,Beef，heart,100,106,15.4,3.5,3.1
畜肉类及其制品-牛,082210,牛百叶（黑）,,100,70,13.2,1.9,0.0
畜肉类及其制品-牛,082301,酱牛肉,Beef，lean and fat，spiced，cooked with soy sauce,100,246,31.4,11.9,3.2
畜肉类及其制品-牛,082302,煨牛肉（罐头）,Beef，stewed，lean and fat，canned,100,166,16.7,11.0,0.1
畜肉类及其制品-牛,082303,牛肉干,Beef，dried,100,550,45.6,40.0,1.9
畜肉类及其制品-牛,082304,咖哩牛肉干,Beef，curried，dried,100,326,45.9,2.7,29.5
畜肉类及其制品-牛,082305,牛肉松,Beef floss，with salt，soy sauce and sugar,100,445,8.2,15.7,67.7
畜肉类及其制品-牛,082306,牛蹄筋（熟）,Beef，tendon，cooked,100,147,35.2,0.6,0.1
畜肉类及其制品-牛,082307,牛肉（酱，五香）,,100,229,33.2,10.7,0.0
畜肉类及其制品-牛,082308,牛肉（清香）,,100,200,25.8,10.7,0.0
畜肉类及其制品-牛,082309,牛腱子（香叶）,,100,205,35.6,5.5,3.2
畜肉类及其制品-牛,082310,牛肉干（长富牌）,,100,342,41.8,5.1,32.2
畜肉类及其制品-牛,082311,牛肉干（沙爹牌）,,100,327,40.1,3.6,33.6
畜肉类及其制品-猪,081101x,猪肉（代表值，fat30g）,Pork，lean and fat,91,331,15.1,30.1,0.0
畜肉类及其制品-猪,081102,猪肥肉（肥，fat89g）,Pork，fatty,100,807,2.4,88.6,0.0
畜肉类及其制品-猪,081103,猪肉（后臀尖）,Pork，rump,97,336,14.6,30.8,0.0
畜肉类及其制品-猪,081104,猪肉（后肘）,Pork，rear hock,73,320,17.0,28.0,0.0
畜肉类及其制品-猪,081105,猪肉（肋条肉）,Pork，spare ribs（meat only）,96,568,9.3,59.0,0.0
畜肉类及其制品-猪,081107,猪肉（奶脯）［软五花，猪夹心］,Pork，side bacon,85,349,7.7,35.3,0.0
畜肉类及其制品-猪,081108,猪肉（奶面）［硬五花］,Pork，belly bacon,79,339,13.6,30.6,2.2
畜肉类及其制品-猪,081109,猪肉（前肘）,Pork，shoulder,77,287,17.3,22.9,2.9
畜肉类及其制品-猪,081110,猪肉（瘦）,Pork，lean,100,143,20.3,6.2,1.5
畜肉类及其制品-猪,081110x,猪肉（瘦，fat8g）,,100,153,20.7,7.8,0.0
畜肉类及其制品-猪,081111,猪肉（腿）,Pork，ham,100,190,17.9,12.8,0.8
畜肉类及其制品-猪,081111x,猪肉（fat12g）,,100,181,19.0,11.7,0.2
畜肉类及其制品-猪,081112,猪肉（猪脖）,Pork，neck,90,577,8.0,60.5,0.0
畜肉类及其制品-猪,081113,猪大肠,Pork，large intestine,100,196,6.9,18.7,0.0
畜肉类及其制品-猪,081114,猪大排,Pork，spare ribs,68,264,18.3,20.4,1.7
畜肉类及其制品-猪,081115,猪耳,Pork，ear,100,176,19.1,11.1,0.0
畜肉类及其制品-猪,081116,猪蹄,Pork，trotter,60,260,22.6,18.8,0.0
畜肉类及其制品-猪,081117,猪蹄筋,Pork，tendon,100,156,35.3,1.4,0.5
畜肉类及其制品-猪,081118,猪头皮,Pork，head skin,100,499,11.8,44.6,12.7
畜肉类及其制品-猪,081120,猪肘棒,Pork，hock,67,248,16.5,16.0,9.4
畜肉类及其制品-猪,081121,猪肉（前臀尖，杜长大猪）,,100,289,15.3,25.3,0.0
畜肉类及其制品-猪,081122,猪肉（前臀尖，良杂猪）,,100,334,14.2,30.4,0.9
畜肉类及其制品-猪,081123,猪肉（后臀尖，杜长大猪）,,100,165,20.8,9.1,0.0
畜肉类及其制品-猪,081124,猪肉（后臀尖，良杂猪）,,100,175,20.0,10.5,0.0
畜肉类及其制品-猪,081125,猪肉（硬肋，杜长大猪）,,100,557,10.8,57.1,0.0
畜肉类及其制品-猪,081126,猪肉（硬肋，良杂猪）,,100,536,11.6,54.4,0.0
畜肉类及其制品-猪,081127,猪肉（通脊，杜长大猪）,,100,159,22.3,7.8,0.0
畜肉类及其制品-猪,081128,猪肉（通脊，良杂猪）,,100,140,20.7,6.4,0.0
畜肉类及其制品-猪,081129,猪肉（里脊）,,100,150,19.6,7.9,0.0
畜肉类及其制品-猪,081130,猪皮,,100,363,27.4,28.1,0.0
畜肉类及其制品-猪,081131,猪小排（杜长大猪）,,70,295,16.8,25.3,0.0
畜肉类及其制品-猪,081132,猪小排（良杂猪）,,61,351,14.1,32.7,0.0
畜肉类及其制品-猪,081133,猪腿肉（藏香猪）,,100,268,17.5,19.2,6.3
畜肉类及其制品-猪,081202,猪肚,Pork，maw,96,110,15.2,5.1,0.7
畜肉类及其制品-猪,081203,猪肺,Pork，lung,97,84,12.2,3.9,0.1
畜肉类及其制品-猪,081205,猪脑,Pork，brain,100,131,10.8,9.8,0.0
畜肉类及其制品-猪,081206,猪脾,Pork，spleen,100,94,13.2,3.2,3.1
畜肉类及其制品-猪,081209,猪肾（fat8g）［猪腰子］,,92,137,16.0,8.1,0.0
畜肉类及其制品-猪,081210,猪小肠,"Pork, small intestine",100,65,10.0,2.0,1.7
畜肉类及其制品-猪,081211,猪心,"Pork, heart",97,119,16.6,5.3,1.1
畜肉类及其制品-猪,081212,猪血,"Pork, blood",100,55,12.2,0.3,0.9
畜肉类及其制品-猪,081213,猪肚,,100,97,14.1,3.5,2.2
畜肉类及其制品-猪,081214,猪肝,,100,126,19.2,4.7,1.8
畜肉类及其制品-猪,081215,猪舌［口条］,,100,184,18.1,12.4,0.0
畜肉类及其制品-猪,081216,猪肾（fat2g）［猪腰子］,,100,82,15.8,1.8,0.6
畜肉类及其制品-猪,081302,宫爆肉丁（罐头）,"Pork, diced meat, with chili and peanuts, canned",100,353,17.7,27.6,8.4
畜肉类及其制品-猪,081303,酱汁肉,"Pork, cooked with soy sauce",96,549,15.5,50.4,8.4
畜肉类及其制品-猪,081304,腊肉（培根）,"Pork, bacon",100,181,22.3,9.0,2.6
畜肉类及其制品-猪,081305,腊肉（生，fat49g）,"Pork, cured meat, salted and smoked",100,498,11.8,48.8,2.9
畜肉类及其制品-猪,081306,卤猪杂,"pork, offal, cooked in spices and soy sauce",100,186,24.6,4.8,11.0
畜肉类及其制品-猪,081307,午餐肉（北京）,"Pork, Luncheon meat",100,229,9.4,15.9,12.0
畜肉类及其制品-猪,081308,咸肉,"Pork, cured meat, salted",100,390,16.5,36.0,0.0
畜肉类及其制品-猪,081309,猪肉罐头（珍珠里脊丝，罐头）,"Pork, tenderloin strips and glutinous rice, canned",100,225,6.7,17.3,10.5
畜肉类及其制品-猪,081310,猪肝（卤煮）,"Pork, liver, stewed with spices and soy sauce",100,203,26.4,8.3,5.6
畜肉类及其制品-猪,081311,猪肉（清蒸）,"Pork, steamed with salt and ginger",100,198,18.4,13.8,0.0
畜肉类及其制品-猪,081312,猪蹄（熟）,"Pork, trotter, cooked",43,260,23.6,17.0,3.2
畜肉类及其制品-猪,081313,猪肘棒（熟）,"Pork, hock, cooked",72,314,21.3,24.5,2.1
畜肉类及其制品-猪,081315,福建式肉松,"Pork floss, Fujian style, with salt, soy sauce and sugar",100,493,25.1,26.0,39.7
畜肉类及其制品-猪,081316,老年保健肉松,"Pork floss, for the elderly, with soy sauce and sugar",100,458,35.8,20.5,32.5
畜肉类及其制品-猪,081317,太仓肉松,"Pork floss, *Taicang*, with salt, soy sauce and sugar",100,316,38.6,8.3,21.6
畜肉类及其制品-猪,081318,火腿心全精肉（雪舫蒋牌）,,100,322,37.0,19.3,0.0
畜肉类及其制品-猪,081319,火腿心肉（生，金云牌）,,81,528,22.2,48.8,0.0
畜肉类及其制品-猪,081320,腊肉（生，fat68g）,,100,692,18.2,68.0,1.8
畜肉类及其制品-猪,081321,叉烧肉,,100,196,20.9,9.8,6.0
畜肉类及其制品-猪,081322,酱排骨,,80,366,21.7,26.7,9.6
畜肉类及其制品-猪,081323,猪肉罐头（香糟块肉）,,100,542,15.5,53.3,0.0
畜肉类及其制品-猪,081324,猪里脊（熏烤小里脊）,,100,153,17.7,3.9,11.8
畜肉类及其制品-猪,081325,猪肉脯,,100,378,28.0,8.8,46.6
畜肉类及其制品-猪,081326,肉酥,,100,509,30.7,27.1,35.5
畜肉类及其制品-猪,081328,扒猪脸,,100,347,18.8,29.6,1.4
畜肉类及其制品-猪,081329,酱肘子,,100,202,29.6,8.5,1.8
畜肉类及其制品-猪,081330,火腿肉（藏香猪）,,82,503,29.1,40.7,5.0
畜肉类及其制品-猪,081331,风干肉（藏香猪）,,87,598,27.1,53.6,1.7
畜肉类及其制品-猪,081401,茶肠,"Pork sausage, *tea sausage*, lightly spiced and salted",100,329,9.0,29.6,6.7
畜肉类及其制品-猪,081402,大腊肠,"Pork sausage, lean and fat, smoked, large",100,267,12.9,20.1,8.6
畜肉类及其制品-猪,081403,大肉肠,"Pork sausage, lean and fat, large",100,273,12.0,22.9,4.6
畜肉类及其制品-猪,081404,蛋清肠,"Pork sausage, lean meat mixed with egg-white",100,278,12.5,22.8,5.8
畜肉类及其制品-猪,081405,儿童肠,"Pork sausage, for children",100,290,13.1,19.6,15.3
畜肉类及其制品-猪,081406,风干肠,"Pork sausage, air-dried",100,283,12.4,23.3,5.9
畜肉类及其制品-猪,081407,广东香肠,"Pork sausage, Canton style, light and sweet",100,433,18.0,37.3,6.4
畜肉类及其制品-猪,081408,红果肠,"Pork sausage, hawthorn flavored",100,260,10.2,15.3,20.3
畜肉类及其制品-猪,081409,火腿肠,"Pork, ham sausage",100,212,14.0,10.4,15.6
畜肉类及其制品-猪,081410,腊肠,"Pork sausage, cured sausage, Canton style, small",100,584,22.0,48.3,15.3
畜肉类及其制品-猪,081411,松江肠,"Pork sausage, *Songjiang* brand",100,402,12.3,26.5,28.5
畜肉类及其制品-猪,081412,蒜肠,"Pork sausage, garlic flavored",100,309,7.5,25.4,12.7
畜肉类及其制品-猪,081413,香肠,"Pork sausage, lightly spiced and sweetened, small",100,508,24.1,40.7,11.2
畜肉类及其制品-猪,081414,香肠（罐头）,"Pork sausage, lightly spiced and sweetened, canned",100,290,7.9,28.1,1.3
畜肉类及其制品-猪,081415,火腿肠（小红肠）,"Pork ham sausage, finely ground filling, red-skinned",100,280,11.8,23.2,6.0
畜肉类及其制品-猪,081416,火腿肠（小泥肠）,"Pork ham sausage, with minced meat filling",100,295,11.3,26.3,3.2
畜肉类及其制品-猪,081417,午餐肠,"Pork sausage, luncheon sausage",100,261,2.9,16.6,24.9
畜肉类及其制品-猪,081418,午餐肚,"Pork sausage, Luncheon, maw filled with ground pork",100,181,9.3,0.5,34.7
畜肉类及其制品-猪,081419,方腿,"Pork, luncheon, shaped into large squares",100,117,16.2,5.0,1.9
畜肉类及其制品-猪,081420,火腿（fat27g）,"Pork, ham",100,330,16.0,27.4,4.9
畜肉类及其制品-猪,081421,金华火腿,"Pork, Jinhua ham",100,318,16.4,28.0,0.1
畜肉类及其制品-猪,081422,火腿肠（圆腿）,"Pork, luncheon",100,139,18.4,6.5,1.6
畜肉类及其制品-猪,081423,脆皮肠,,100,302,16.6,24.0,4.8
畜肉类及其制品-猪,081424,热狗肠,,100,307,13.2,25.2,6.9
畜肉类及其制品-猪,081425,火腿肠（双汇牌）,,100,215,12.1,14.6,8.8
畜肉类及其制品-猪,081426,火腿（fat3g）,,100,99,15.5,3.4,1.7
畜肉类及其制品-猪,081427,火腿（宣威牌）,,100,565,11.4,56.1,3.7
畜肉类及其制品-猪,081428,三明治火腿,,100,115,12.5,4.5,6.1
畜肉类及其制品-猪,081429,午餐肉（上海梅林牌）,,100,320,9.0,30.1,3.3
畜肉类及其制品-羊,083101x,羊肉（代表值，fat7g）,"Lamb, lean and fat",100,139,18.5,6.5,1.6
畜肉类及其制品-羊,083102,羊肉（冻）,"Lamb, frozen",100,285,12.6,24.4,3.8
畜肉类及其制品-羊,083103,羊肉（后腿，带骨）,"Lamb, leg, with bone",77,110,19.5,3.4,0.3
畜肉类及其制品-羊,083104,羊肉（颈）,"Lamb, neck",74,135,21.3,4.6,2.2
畜肉类及其制品-羊,083105,羊肉（里脊）,"Lamb, tenderloin",100,103,20.5,1.6,1.6
畜肉类及其制品-羊,083106,羊肉（前腿，fat3g）,"Lamb, Shoulder",71,110,18.6,3.2,1.6
畜肉类及其制品-羊,083107,羊肉（青羊）,"Lamb, “Green” sheep breed",100,99,21.3,1.1,1.0
畜肉类及其制品-羊,083108,羊肉（fat4g）,"Lamb, lean",90,118,20.5,3.9,0.2
畜肉类及其制品-羊,083109,羊肉（胸脯）,"Lamb, breast",81,133,19.4,6.2,0.0
畜肉类及其制品-羊,083110,山羊肉（生）,"Goat, meat, raw",100,293,8.7,24.5,9.4
畜肉类及其制品-羊,083111,羊蹄筋（生）,"Lamb, Tendon, raw",100,159,34.3,2.4,0.0
畜肉类及其制品-羊,083112,羊蹄筋（泡发）,"Lamb, Tendon, soaked in water",100,41,8.4,Tr,1.9
畜肉类及其制品-羊,083113,羊肉（上脑）,,100,94,19.0,2.0,0.0
畜肉类及其制品-羊,083114,羊肉（腰窝）,,100,135,18.9,6.6,0.0
畜肉类及其制品-羊,083115,羊肉（前腿）,,100,97,19.8,2.0,0.0
畜肉类及其制品-羊,083116,羊肉（后腿）,,100,111,20.6,3.2,0.0
畜肉类及其制品-羊,083117,羊肉片,,100,118,18.0,4.0,2.4
畜肉类及其制品-羊,083201,羊大肠,"Lamb, large intestine",100,75,13.4,2.4,0.0
畜肉类及其制品-羊,083202,羊肚,"Lamb, tripe",100,87,12.2,3.4,1.8
畜肉类及其制品-羊,083203,羊肺,"Lamb, lung",100,96,16.2,2.4,2.5
畜肉类及其制品-羊,083204,羊肝,"Lamb, liver",100,134,17.9,3.6,7.4
畜肉类及其制品-羊,083205,羊脑,"Lamb, brain",100,142,11.3,10.7,0.1
畜肉类及其制品-羊,083206,羊舌,"Lamb, tongue",100,225,19.4,14.2,4.8
畜肉类及其制品-羊,083207,羊肾,"Lamb, kidney",95,96,16.6,2.8,1.0
畜肉类及其制品-羊,083208,羊心,"Lamb, heart",100,113,13.8,5.5,2.0
畜肉类及其制品-羊,083209,羊血,"Lamb, blood",100,57,6.8,0.2,6.9
畜肉类及其制品-羊,083301,腊羊肉,"Lamb, salted and smoked",100,246,26.1,10.6,11.5
畜肉类及其制品-羊,083302,羊肉（熟）,"Lamb, cooked",100,217,23.2,13.8,0.0
畜肉类及其制品-羊,083303,羊肉串（电烤）,"Lamb, skewers, roasted in electric grill or oven",100,234,26.4,11.6,6.0
畜肉类及其制品-羊,083304,羊肉串（烤）,"lamb, skewers, grilled over fire",100,206,26.0,10.3,2.4
畜肉类及其制品-羊,083305,羊肉串（炸）,"Lamb, skewers, deep-fried",100,217,18.3,11.5,10.0
畜肉类及其制品-羊,083306,羊肉干,"Lamb, dried",100,588,28.2,46.7,13.7
畜肉类及其制品-羊,083307,羊肉（羊肉手抓）,"Lamb, boiled in large chunks and shredded with hands",70,188,27.3,8.8,0.0
畜肉类及其制品-羊,083308,山羊肉（酱）,"Lamb, spiced, cooked with soy sauce",100,272,25.4,13.7,11.8
畜肉类及其制品-羊,083309,烧羊肉（五香）,,100,183,33.6,5.4,0.0
畜肉类及其制品-羊,083310,羊肉串（生）,,100,118,13.0,4.8,5.6
畜肉类及其制品-马,085101,马肉,Horse meat,100,122,20.1,4.6,0.1
畜肉类及其制品-马,085201,马心,Horse heart,100,104,18.9,2.7,1.0
畜肉类及其制品-马,085301,马肉（卤）,Horse meat，stewed,100,170,30.5,4.8,1.2
畜肉类及其制品-驴,084101,驴肉（瘦）,"Donkey meat, lean",100,116,21.5,3.2,0.4
畜肉类及其制品-驴,084201,驴鞭,Donkey penis,100,143,29.7,0.8,4.3
畜肉类及其制品-驴,084301,驴肉（酱）,"Donkey meat, spiced, with soy sauce",100,160,33.7,2.8,0.0
畜肉类及其制品-驴,084302,驴肉（卤）,"Donkey meat, stewed",100,149,27.2,1.9,5.8
畜肉类及其制品-驴,084303,驴肉（煮）,"Donkey meat, cooked",100,230,27.0,13.5,0.0
畜肉类及其制品-驴,084304,驴肉（五香）,,100,167,28.2,6.0,0.0
禽肉类及其制品-其他,099001,鸽,Pigeon，whole,42,201,16.5,14.2,1.7
禽肉类及其制品-其他,099002,鹌鹑,Quail，whole,58,110,20.2,3.1,0.2
禽肉类及其制品-其他,099003,乳鸽,,56,352,11.3,34.1,0.0
禽肉类及其制品-其他,099004,乳鸽（红烧）,,82,255,16.9,20.8,0.0
禽肉类及其制品-火鸡,094101,火鸡腿肉,Turkey，leg meat,100,91,20.0,1.2,0.0
禽肉类及其制品-火鸡,094102,火鸡胸脯肉,Turkey，breast,100,103,22.4,0.2,2.8
禽肉类及其制品-火鸡,094201,火鸡肝,Turkey，liver,100,143,20.0,5.6,3.1
禽肉类及其制品-火鸡,094202,火鸡肫,Turkey，gizzard,100,91,18.9,0.3,3.2
禽肉类及其制品-火鸡,094301,火鸡腿（熟）,,85,100,16.7,0.7,6.6
禽肉类及其制品-鸡,091101x,鸡（代表值）,Chicken，whole,63,145,20.3,6.7,0.9
禽肉类及其制品-鸡,091102,鸡（土鸡，家养）,Chicken，free range，whole,58,124,20.8,4.5,0.0
禽肉类及其制品-鸡,091103,母鸡（一年内）,Chicken，young hen，whole,66,256,20.3,16.8,5.8
禽肉类及其制品-鸡,091104,肉鸡（肥）,Chicken，broiler，whole,74,389,16.7,35.4,0.9
禽肉类及其制品-鸡,091105,华青鸡,"Chicken, *Huaqing*, whole",70,158,19.6,8.8,0.0
禽肉类及其制品-鸡,091106,沙鸡,Sandgrouse，whole,41,147,20.0,6.7,1.6
禽肉类及其制品-鸡,091107,鸡（乌骨鸡）,Black boned chicken，hole,48,111,22.3,2.3,0.3
禽肉类及其制品-鸡,091111,鸡爪,Chicken，feet,60,254,23.9,16.4,2.7
禽肉类及其制品-鸡,091112,鸡胸脯肉,,100,118,24.6,1.9,0.6
禽肉类及其制品-鸡,091113,鸡腿,,74,146,20.2,7.2,0.0
禽肉类及其制品-鸡,091114,鸡翅,,69,202,19.0,11.5,5.5
禽肉类及其制品-鸡,091115,鸡块（带浆粉）,,100,206,12.2,9.1,18.8
禽肉类及其制品-鸡,091116,野山鸡,,63,126,20.4,2.0,6.6
禽肉类及其制品-鸡,091201,鸡肝,Chicken，liver,100,121,16.6,4.8,2.8
禽肉类及其制品-鸡,091202,鸡肝（肉鸡）,Chicken，liver，broiler,100,121,16.7,4.5,3.5
禽肉类及其制品-鸡,091203,鸡心,Chicken，heart,100,172,15.9,11.8,0.6
禽肉类及其制品-鸡,091204,鸡血,Chicken，blood,100,49,7.8,0.2,4.1
禽肉类及其制品-鸡,091205,鸡肫［鸡胗］,Chicken，gizzard,100,118,19.2,2.8,4.0
禽肉类及其制品-鸡,091301,扒鸡,Chicken，braised，whole,66,217,29.6,11.0,0.0
禽肉类及其制品-鸡,091303,炸鸡块［肯德基］,Chicken，'Kentucky'，fried,70,279,20.3,17.3,10.5
禽肉类及其制品-鸡,091304,卤煮鸡,Chicken，stewed with soy sauce and sugar，whole,70,212,29.4,7.9,5.8
禽肉类及其制品-鸡,091305,瓦罐鸡汤（肉）,Chicken soup，meat，cooked in clay pot,100,190,20.9,9.5,5.2
禽肉类及其制品-鸡,091306,瓦罐鸡汤（汤）,Chicken soup，broth，cooked in clay pot,100,27,1.3,2.4,0.0
禽肉类及其制品-鸡,091307,鸡肉松,Chicken，floss，with salt，soy sauce and sugar,100,440,7.2,16.4,65.8
禽肉类及其制品-鸡,091308,扒鸡（五香脱骨）,,77,206,23.4,10.8,3.8
禽肉类及其制品-鸡,091309,烤鸡,,72,265,28.1,16.9,0.0
禽肉类及其制品-鸡,091310,童子鸡（熟）,,57,226,15.8,18.1,0.0
禽肉类及其制品-鸭,092101x,鸭（代表值）,Duck，whole,68,240,15.5,19.7,0.2
禽肉类及其制品-鸭,092102,公麻鸭,Duck，drake，whole,63,360,14.3,30.9,6.1
禽肉类及其制品-鸭,092103,母麻鸭,Duck，hen，whole,75,461,13.0,44.8,1.4
禽肉类及其制品-鸭,092104,鸭胸脯肉,Duck，breast,100,90,15.0,1.5,4.0
禽肉类及其制品-鸭,092105,鸭皮,Duck，skin,100,538,6.5,50.2,15.1
禽肉类及其制品-鸭,092106,鸭翅,Duck，wing,67,146,16.5,6.1,6.3
禽肉类及其制品-鸭,092107,鸭掌,Duck，feet,59,150,26.9,1.9,6.2
禽肉类及其制品-鸭,092201,鸭肠,Duck，intestine,53,129,14.2,7.8,0.4
禽肉类及其制品-鸭,092202,鸭肝,Duck，liver,100,128,14.5,7.5,0.5
禽肉类及其制品-鸭,092203,鸭肝（公麻鸭）,Duck，liver，drake,100,136,14.7,4.1,10.1
禽肉类及其制品-鸭,092204,鸭肝（母麻鸭）,Duck，liver，hen,100,113,16.8,2.5,5.9
禽肉类及其制品-鸭,092205,鸭舌［鸭条］,Duck，tongue,61,245,16.6,19.7,0.4
禽肉类及其制品-鸭,092206,鸭心,Duck，heart,100,143,12.8,8.9,2.9
禽肉类及其制品-鸭,092207,鸭血（白鸭）,Beijing white duck，blood,100,108,13.6,0.4,12.4
禽肉类及其制品-鸭,092208,鸭血（公麻鸭）,Duck，blood，drake,100,56,13.2,0.4,0.0
禽肉类及其制品-鸭,092209,鸭血（母麻鸭）,Duck，blood，hen,100,55,13.1,0.3,0.0
禽肉类及其制品-鸭,092210,鸭胰,Duck，pancreas,97,117,21.7,2.9,1.0
禽肉类及其制品-鸭,092211,鸭肫,Duck，gizzard,93,92,17.9,1.3,2.1
禽肉类及其制品-鸭,092212,鸭肫（公麻鸭）,Duck，gizzard，drake,100,112,19.8,1.2,5.4
禽肉类及其制品-鸭,092213,鸭肫（母麻鸭）,Duck，gizzard，hen,100,126,20.4,4.2,1.6
禽肉类及其制品-鸭,092214,鸭豉片,,100,603,18.3,56.1,6.1
禽肉类及其制品-鸭,092301,北京烤鸭,Beijing white duck，roasted，whole,80,436,16.6,38.4,6.0
禽肉类及其制品-鸭,092302,北京填鸭,Beijing white duck，fatty，force-fed，whole,75,425,9.3,41.3,3.9
禽肉类及其制品-鸭,092303,红烧鸭（罐头）,Duck，stewed in soy sauce，canned,100,338,15.3,30.5,0.6
禽肉类及其制品-鸭,092304,酱鸭,Duck，cooked with soy sauce and spices，whole,80,266,18.9,18.4,6.3
禽肉类及其制品-鸭,092305,酱鸭（加梅菜，罐头）,Duck，braised，with fermented cabbage，canned,93,253,11.8,21.7,2.5
禽肉类及其制品-鸭,092306,盐水鸭（熟）,Duck，boiled in salted water，whole,81,313,16.6,26.1,2.8
禽肉类及其制品-鸭,092307,烤鸭（老唐牌）,,60,309,20.3,25.3,0.0
禽肉类及其制品-鸭,092308,烤鸭（全聚德牌）,,65,530,18.1,50.8,0.0
禽肉类及其制品-鹅,093101,鹅,"Goose, whole",63,251,17.9,19.9,0.0
禽肉类及其制品-鹅,093201,鹅肝,"Goose, liver",100,129,15.2,3.4,9.3
禽肉类及其制品-鹅,093202,鹅肫,"Goose, gizzard",100,100,19.6,1.9,1.1
禽肉类及其制品-鹅,093203,鹅血,,100,74,18.6,0.0,0.0
禽肉类及其制品-鹅,093301,烧鹅,"Goose, stewed in soy sauce, whole",73,289,19.7,21.5,4.2
禽肉类及其制品-鹅,093302,腊鹅,,54,410,24.6,21.5,29.6
菌藻类-菌类,051001,草菇［大黑头细花草，稻菇］,Straw mushroom,100,27,2.7,0.2,4.3
菌藻类-菌类,051002,大红菇（干）［草质红菇］,Red mushroom，large，dried,100,263,24.4,2.8,50.9
菌藻类-菌类,051003,地衣（水浸）,Lichens，soaked in water,100,10,1.5,Tr,1.8
菌藻类-菌类,051004,冬菇（干）［毛柄金线菌］,Winter mushroom，dried (Flammulina velutipes (Fr.) Sing.2014),86,277,17.8,1.3,64.6
菌藻类-菌类,051005,猴头菇（罐装）,*Monkey head* mushroom，canned,100,21,2.0,0.2,4.9
菌藻类-菌类,051006,黄蘑（干）,Yellow mushroom，dried,89,203,16.4,1.5,40.1
菌藻类-菌类,051007,黄蘑（水发）,Yellow mushroom，soaked in water,89,30,4.3,0.4,4.8
菌藻类-菌类,051008,金针菇（鲜）［智力菇］,*Gold needle* mushroom，thin,100,32,2.4,0.4,6.0
菌藻类-菌类,051009,金针菇（罐装）,"*Gold needle* mushroom, thin, canned",100,26,1.0,Tr,6.7
菌藻类-菌类,051010,口蘑（白蘑）,"Mongolian mushroom, white dried",100,277,38.7,3.3,31.6
菌藻类-菌类,051011,蘑菇（鲜蘑）,Button mushroom,99,24,2.7,0.1,4.1
菌藻类-菌类,051013,木耳（干）［黑木耳，云耳］,"Wood ear fungus, dried",100,265,12.1,1.5,65.6
菌藻类-菌类,051014,木耳（水发）［黑木耳，云耳］,"Wood ear fungus, soaked in water",100,27,1.5,0.2,6.0
菌藻类-菌类,051015,平菇［糙皮侧耳，青蘑］,Oyster mushroom,93,24,1.9,0.3,4.6
菌藻类-菌类,051016,普中红蘑（干）,"Red mushroom, medium sized, dried",100,263,18.4,0.7,58.1
菌藻类-菌类,051017,双孢蘑菇［洋蘑菇］,*Foreign* double button mushroom,97,26,4.2,0.1,2.7
菌藻类-菌类,051018,松蘑（干）［松口蘑，松茸］,"*Pine* mushroom, dried",100,207,20.3,3.2,48.2
菌藻类-菌类,051019,香菇（鲜）［香蕈，冬菇］,Shitake mushroom,100,26,2.2,0.3,5.2
菌藻类-菌类,051020,香菇（干）［香蕈，冬菇］,Shitake mushroom dried,95,274,20.0,1.2,61.7
菌藻类-菌类,051021,香杏丁蘑（干，大）,"*Apricot* mushroom, large sized, dried",100,257,22.4,0.2,53.9
菌藻类-菌类,051022,香杏片口蘑（干）,"*Apricot* Mongolian mushroom, sliced, dried",100,252,33.4,1.5,37.6
菌藻类-菌类,051023,羊肚菌（干）［干狼肚］,Morel mushroom,100,321,26.9,7.1,43.7
菌藻类-菌类,051024,银耳（干）［白木耳］,"Silver ear fungus, white, dried",96,261,10.0,1.4,67.3
菌藻类-菌类,051025,珍珠白蘑（干）,"*Pearl* mushroom, white, dried",100,258,18.3,0.7,56.3
菌藻类-菌类,051026,榛蘑（半干）［假蜜环菌］,"Bolete mushroom, dried",77,178,9.5,3.7,31.9
菌藻类-菌类,051027,榛蘑（水发）,"Bolete mushroom, soaked in water",77,53,2.8,1.1,9.4
菌藻类-菌类,051028,白蘑菇［双孢蘑菇、洋蘑菇］,Button mushroom,100,29,3.5,0.4,3.8
菌藻类-菌类,051029,北风菌［荷叶离褶伞、一窝羊］,Friedchicken mushroom,77,17,1.7,0.1,2.9
菌藻类-菌类,051030,草菇［大黑头细花草、稻菇］,"Straw mushroom, soaked in salted water, canned",100,18,1.1,0.4,3.1
菌藻类-菌类,051031,茶树菇（干）［柱状田头菇、油茶菇］,Columnar agroc,100,309,23.1,2.6,56.1
菌藻类-菌类,051032,干巴菌,Ganba fungus,91,38,3.8,0.4,8.0
菌藻类-菌类,051033,红奶浆菌［多汁乳菇、谷熟菌］,Weeping milk cap,94,18,1.5,0.4,3.3
菌藻类-菌类,051034,黄蘑（干）,"Yellow mushroom, dried",100,284,24.6,6.4,46.9
菌藻类-菌类,051035,黄伞菇（干）［多脂鳞伞、黄丝菌］,"Golden pholiota, dried",100,294,22.8,3.2,57.5
菌藻类-菌类,051036,鸡腿菇（干）［毛头鬼伞］,"Shaggy mane, dried",100,294,26.7,2.0,51.8
菌藻类-菌类,051037,鸡油菌［黄丝菌、杏菌］,Chanterelle,92,26,2.0,0.3,5.1
菌藻类-菌类,051038,鸡枞［蚁枞、伞把菇、鸡枞菌］,Termite mushroom,96,19,2.5,0.2,2.5
菌藻类-菌类,051039,鸡枞（干）,"Termite mushroom, dried",100,297,32.8,3.7,44.8
菌藻类-菌类,051040,鸡枞（油炸）［油鸡枞］,"Termite mushroom, steamed, fried, salted, in oil",100,646,4.8,66.3,10.2
菌藻类-菌类,051041,鸡枞花,Termite mushroom flowers,86,18,2.3,0.3,1.8
菌藻类-菌类,051042,牛肝菌（白）［美味牛肝菌］,King bolete,93,35,4.0,0.4,4.5
菌藻类-菌类,051043,牛肝菌（白、干）［美味牛肝菌］,"King bolete, dried",100,296,27.8,1.6,53.3
菌藻类-菌类,051044,牛肝菌（黑）［铜色牛肝菌］,Queen bolete,95,32,3.6,0.2,4.8
菌藻类-菌类,051045,牛肝菌（鲜）［黄皮牛肝菌、黄皮疣柄牛肝菌、黄癞头］,-,97,32,4.3,0.1,5.3
菌藻类-菌类,051046,乳牛肝菌（干）［粘盖牛肝菌、松树菌］,"Cow spunk, dried",100,264,15.3,2.8,66.0
菌藻类-菌类,051047,牛眼睛菌（鲜）［马勃菌］,Puffball,93,41,5.1,0.3,6.6
菌藻类-菌类,051048,平菇［糙皮侧耳、青蘑］,Oyster mushroom,100,17,1.7,0.1,3.2
菌藻类-菌类,051049,青头菌［变绿红菇、绿菇］,Virescent russule,95,20,2.7,0.1,3.1
菌藻类-菌类,051050,松蘑（干）［松茸、松口蘑］,Matsutake，dried,100,273,12.5,3.0,66.5
菌藻类-菌类,051051,杏鲍菇,King oyster mushroom,100,35,1.3,0.1,8.3
菌藻类-菌类,051052,血红菇（干）,Red mushroom，dried,100,313,22.4,6.7,56.0
菌藻类-菌类,051053,元蘑（干）［亚侧耳、冬蘑、黄蘑］,Late fall oyster，dried,100,245,12.3,1.5,70.3
菌藻类-菌类,051054,竹荪（干）［竹笙、竹参］,Long net stinkhorn,100,248,17.8,3.1,60.3
菌藻类-菌类,051055,榛蘑（干）［小蜜环菌］,Honey mushroom，wild，dried,100,329,17.7,10.8,54.6
菌藻类-菌类,051056,蛹虫草（干）,Cordyceps militaris,100,302,23.7,Tr,60.9
菌藻类-藻类,052001,发菜（干）［仙菜］,"Black-moss, dried",100,259,20.2,0.5,60.8
菌藻类-藻类,052002,海带（鲜）［江白菜］,Kelp,100,13,1.2,0.1,2.1
菌藻类-藻类,052003,海带［江白菜，昆布］,Kelp,98,90,1.8,0.1,23.4
菌藻类-藻类,052004,海带（浸）［江白菜，昆布］,"Kelp, soaked in water",100,16,1.1,0.1,3.0
菌藻类-藻类,052005,海冻菜（干）［石花菜，冻菜］,"Agar agar, dried",100,un,5.4,0.1,72.9
菌藻类-藻类,052006,琼脂［紫菜胶洋粉］,Agar agar powder,100,311,1.1,0.2,76.3
菌藻类-藻类,052007,苔菜（干）［苔条，条浒苔］,"Sea grass, dried",100,167,19.0,0.4,26.3
菌藻类-藻类,052008,紫菜（干）,"Laver, dried",100,250,26.7,1.1,44.1
菌藻类-藻类,052009,螺旋藻（干）,"Spirulina, dried",100,358,64.7,3.1,18.2
菌藻类-藻类,052010,裙带菜（干）［海芥菜，海木耳］,"Sea water fungus, dried",100,219,25.0,1.7,41.5
菌藻类-藻类,052011,海带菜（鲜，姑香牌）,"Kelp sliver, with sugar, sesame and salt",100,112,1.4,7.5,15.3
蔬菜类及其制品-嫩茎叶花菜类,045101x,大白菜（代表值）,"*Bok choi*, white",89,20,1.6,0.2,3.4
蔬菜类及其制品-嫩茎叶花菜类,045102,大白菜（白梗）［黄芽白］,"*Bok choi*, white",92,22,1.7,0.2,3.7
蔬菜类及其制品-嫩茎叶花菜类,045103,大白菜（青白口）,"*Bok choi*, green",83,17,1.4,0.1,3.0
蔬菜类及其制品-嫩茎叶花菜类,045104,大白菜（小白口）,"*Bok choi*, white",85,16,1.3,0.1,2.8
蔬菜类及其制品-嫩茎叶花菜类,045105,白菜（脱水）,"Cabbage, dehydrated",100,305,6.2,0.8,72.9
蔬菜类及其制品-嫩茎叶花菜类,045108,白菜薹［菜薹，菜心］,Cabbage flowering stalk,84,28,2.8,0.5,4.0
蔬菜类及其制品-嫩茎叶花菜类,045109,红菜薹［紫菜薹］,"Rape flowering stalk, red",52,43,2.9,2.5,2.7
蔬菜类及其制品-嫩茎叶花菜类,045110,瓢儿白［瓢儿菜］,"Mustard, broad beaked",79,18,1.7,0.2,3.2
蔬菜类及其制品-嫩茎叶花菜类,045111,乌菜［乌塌菜，塌棵菜］,Broad beaked cabbage,89,28,2.6,0.4,4.2
蔬菜类及其制品-嫩茎叶花菜类,045113,油菜（黑）,"Chinese cabbage, pakchoi",96,19,1.8,0.2,2.9
蔬菜类及其制品-嫩茎叶花菜类,045114,油菜（脱水）,"Chinese cabbage, dehydrated",100,316,7.6,0.6,74.3
蔬菜类及其制品-嫩茎叶花菜类,045115,油菜（小）,"Chinese cabbage, small",95,12,1.3,0.2,1.6
蔬菜类及其制品-嫩茎叶花菜类,045116,油菜薹［菜薹］,"Cabbage Rape, Broccoli Raab",82,24,3.2,0.4,3.0
蔬菜类及其制品-嫩茎叶花菜类,045117,大白菜（白口）,"Chinese cabbage, *Bok choi*, white leaves and stems, raw",85,14,1.0,0.1,2.9
蔬菜类及其制品-嫩茎叶花菜类,045118,大白菜（青口）,"Chinese cabbage, *Bok choi*, green leaves and stems, raw",83,12,1.1,0.1,2.6
蔬菜类及其制品-嫩茎叶花菜类,045119,酸白菜［酸菜］,"Chinese cabbage, pickled",100,10,0.7,0.2,2.6
蔬菜类及其制品-嫩茎叶花菜类,045120,小白菜［青菜］,"*Bok choy*, petiole, raw",94,14,1.4,0.3,2.4
蔬菜类及其制品-嫩茎叶花菜类,045121,奶白菜,"Pak choi, petiole, raw",100,21,2.7,0.2,3.3
蔬菜类及其制品-嫩茎叶花菜类,045122,鸡毛菜,"Mini pak choi, leaf and stem, raw",100,19,2.7,0.2,2.6
蔬菜类及其制品-嫩茎叶花菜类,045123,娃娃菜,"Mini Chinese cabbage, raw",97,13,1.9,0.2,2.4
蔬菜类及其制品-嫩茎叶花菜类,045124,乌塌菜［塌菜、塌棵菜］,Flat cabbage,96,13,1.8,0.1,2.6
蔬菜类及其制品-嫩茎叶花菜类,045125,油菜,"Chinese cabbage, baby choi",96,14,1.3,0.5,2.0
蔬菜类及其制品-嫩茎叶花菜类,045126,油菜心,baby cabbage,100,15,1.3,0.4,2.7
蔬菜类及其制品-嫩茎叶花菜类,045201,圆白菜，卷心菜,Cabbage,86,24,1.5,0.2,4.6
蔬菜类及其制品-嫩茎叶花菜类,045203,菜花（脱水）［脱水花椰菜］,"Cauliflower, dehydrated",100,312,6.5,0.6,76.8
蔬菜类及其制品-嫩茎叶花菜类,045205,芥菜（鲜）［雪里红，雪菜］,Crispifolia mustard greens,94,27,2.0,0.4,4.7
蔬菜类及其制品-嫩茎叶花菜类,045206,芥菜（大叶，鲜）［盖菜］,"Mustard greens, broad leaf",71,16,1.8,0.4,2.0
蔬菜类及其制品-嫩茎叶花菜类,045207,芥菜（茎用，鲜）［青头菜］,Mustard stem,92,13,1.3,0.2,2.8
蔬菜类及其制品-嫩茎叶花菜类,045208,芥菜（小叶，鲜）［小芥菜］,"Mustard greens, small leaf",88,26,2.5,0.4,3.6
蔬菜类及其制品-嫩茎叶花菜类,045210,结球甘蓝（绿）［圆白菜］,"Cabbage, green, raw",86,17,0.9,0.2,4.0
蔬菜类及其制品-嫩茎叶花菜类,045211,结球甘蓝（紫）［圆白菜］,"Cabbage, purple, raw",86,25,1.2,0.2,6.2
蔬菜类及其制品-嫩茎叶花菜类,045212,抱子甘蓝［小圆白菜］,"Brussels sprouts, raw",87,36,3.5,0.2,8.8
蔬菜类及其制品-嫩茎叶花菜类,045213,羽衣甘蓝,"Brassica, oleracea",100,69,5.0,0.4,5.7
蔬菜类及其制品-嫩茎叶花菜类,045214,盖菜,"Mustard greens, broad leaf, raw",94,13,1.5,0.2,2.8
蔬菜类及其制品-嫩茎叶花菜类,045215,芥蓝［甘蓝菜、盖蓝菜］,"Kale, raw",98,24,3.1,0.3,4.1
蔬菜类及其制品-嫩茎叶花菜类,045216,菜花（白色）［花椰菜］,"Cauliflower, white, raw",82,20,1.7,0.2,4.2
蔬菜类及其制品-嫩茎叶花菜类,045217,西兰花［绿菜花］,"Broccoli, raw",83,27,3.5,0.6,3.7
蔬菜类及其制品-嫩茎叶花菜类,045301,菠菜（鲜）［赤根菜］,Spinach,89,28,2.6,0.3,4.5
蔬菜类及其制品-嫩茎叶花菜类,045302,菠菜（脱水）,"Spinach, dehydrated",100,308,6.4,0.6,75.7
蔬菜类及其制品-嫩茎叶花菜类,045303,冬寒菜（鲜）［冬苋菜，冬葵］,Mallow,58,34,3.9,0.4,4.9
蔬菜类及其制品-嫩茎叶花菜类,045305,胡萝卜缨（红，鲜）,Carrot leaf,100,48,1.7,0.4,11.3
蔬菜类及其制品-嫩茎叶花菜类,045306,苦菜［节节花，拒马菜］,Common sowthistle,100,46,2.8,0.6,10.0
蔬菜类及其制品-嫩茎叶花菜类,045307,萝卜缨（白）,"Radish leaf, white root",100,17,2.6,0.3,1.7
蔬菜类及其制品-嫩茎叶花菜类,045308,萝卜缨（青）,"Radish leaf, green root",100,38,3.1,0.1,7.6
蔬菜类及其制品-嫩茎叶花菜类,045309,萝卜缨（小萝卜）,"Radish leaf, red root, small",93,23,1.6,0.3,4.1
蔬菜类及其制品-嫩茎叶花菜类,045310,落葵［木耳菜，软浆菜］,"Vinespinach, red",76,23,1.6,0.3,4.3
蔬菜类及其制品-嫩茎叶花菜类,045312,芹菜茎,Celery stem,67,22,1.2,0.2,4.5
蔬菜类及其制品-嫩茎叶花菜类,045313,芹菜叶（鲜）,Celery leaf,100,35,2.6,0.6,5.9
蔬菜类及其制品-嫩茎叶花菜类,045316,甜菜叶（鲜）,Beta vulgaris,100,22,1.8,0.1,4.0
蔬菜类及其制品-嫩茎叶花菜类,045317,香菜（鲜）［芫荽］,Coriander leaf,81,33,1.8,0.4,6.2
蔬菜类及其制品-嫩茎叶花菜类,045318,香菜（脱水）,"Coriander leaf, dehydrated",100,310,7.4,1.3,71.2
蔬菜类及其制品-嫩茎叶花菜类,045319,苋菜（绿，鲜）,"Amaranth, pale green",74,30,2.8,0.3,5.0
蔬菜类及其制品-嫩茎叶花菜类,045320,苋菜（紫，鲜）［红苋］,"Amaranth, purple",73,35,2.8,0.4,5.9
蔬菜类及其制品-嫩茎叶花菜类,045321,茼蒿（鲜）［蓬蒿菜，艾菜］,"Chrysanthemum crown daisy, greens",82,24,1.9,0.3,3.9
蔬菜类及其制品-嫩茎叶花菜类,045322,茴香（鲜）［小茴香］,Fennel,86,27,2.5,0.4,4.2
蔬菜类及其制品-嫩茎叶花菜类,045323,荠菜（鲜）［蓟菜，菱角菜］,Shepherd's purse,88,31,2.9,0.4,4.7
蔬菜类及其制品-嫩茎叶花菜类,045324,莴笋（鲜）［莴苣］,Lettuce stem,62,15,1.0,0.1,2.8
蔬菜类及其制品-嫩茎叶花菜类,045327,番杏［新西兰菠菜、夏菠菜］,"Common tetragonia, raw",100,15,1.8,0.1,3.1
蔬菜类及其制品-嫩茎叶花菜类,045328,樱桃萝卜缨,"Cherry radish leaf and stem, raw",100,14,2.0,0.1,2.7
蔬菜类及其制品-嫩茎叶花菜类,045329,白凤菜,"Green Gynura, raw",100,16,1.6,0.2,4.0
蔬菜类及其制品-嫩茎叶花菜类,045330,紫背天葵［红风菜、血皮菜］,"Gynura, raw",100,18,1.9,—,3.8
蔬菜类及其制品-嫩茎叶花菜类,045331,芹菜（茎）［旱芹，药芹］,"Chinese celery stem, raw",100,13,0.4,0.2,3.1
蔬菜类及其制品-嫩茎叶花菜类,045332,西芹［西洋芹菜，美芹］,"Celery stem, raw",85,17,0.6,0.1,4.8
蔬菜类及其制品-嫩茎叶花菜类,045333,生菜［叶用莴苣］,"Endive lettuce, curl leafed, raw",94,12,1.6,0.4,1.1
蔬菜类及其制品-嫩茎叶花菜类,045334,油麦菜,"Romaine lettuce, raw",81,12,1.1,0.4,2.1
蔬菜类及其制品-嫩茎叶花菜类,045335,叶甜菜（白梗）,"Beta cicla, raw",100,13,1.6,0.1,2.8
蔬菜类及其制品-嫩茎叶花菜类,045336,莴笋叶［莴苣菜］,"Lettuce, leaf, raw",100,15,1.0,0.2,2.9
蔬菜类及其制品-嫩茎叶花菜类,045337,蕹菜［空心菜、藤藤菜］,"Water spinach, raw",100,19,2.2,0.2,4.0
蔬菜类及其制品-嫩茎叶花菜类,045338,观达菜［根达菜、牛皮菜］,"Swiss chard, leaf and stem, raw",100,23,1.9,0.3,4.5
蔬菜类及其制品-嫩茎叶花菜类,045339,球茎茴香［甜茴香、意大利茴香］,"Anise, raw",70,17,1.2,Tr,4.7
蔬菜类及其制品-嫩茎叶花菜类,045401,竹笋（鲜）,"Bamboo shoot, whole",63,23,2.6,0.2,3.6
蔬菜类及其制品-嫩茎叶花菜类,045402,白笋（干）,"bamboo shoot , dried",64,282,26.0,4.0,57.1
蔬菜类及其制品-嫩茎叶花菜类,045403,鞭笋（鲜）［马鞭笋］,Summer bamboo shoot,45,24,2.6,Tr,6.7
蔬菜类及其制品-嫩茎叶花菜类,045404,春笋（鲜）,Spring bamboo shoot,66,25,2.4,0.1,5.1
蔬菜类及其制品-嫩茎叶花菜类,045405,冬笋（鲜）,Winter bamboo shoot,39,42,4.1,0.1,6.5
蔬菜类及其制品-嫩茎叶花菜类,045406,黑笋（干）,"bamboo shoot, dried",76,268,17.6,2.4,57.5
蔬菜类及其制品-嫩茎叶花菜类,045407,毛笋（鲜）［毛竹笋］,baby bamboo shoot,67,23,2.2,0.2,3.8
蔬菜类及其制品-嫩茎叶花菜类,045408,玉兰片,"Bamboo shoot, sliced, soaked in water",100,66,2.6,0.4,18.6
蔬菜类及其制品-嫩茎叶花菜类,045409,百合（鲜）,Lily,82,166,3.2,0.1,38.8
蔬菜类及其制品-嫩茎叶花菜类,045411,百合（脱水）,"Lily, dehydrated",100,346,8.1,0.1,79.1
蔬菜类及其制品-嫩茎叶花菜类,045412,金针菜（鲜）［黄花菜］,Daylily flower,98,214,19.4,1.4,34.9
蔬菜类及其制品-嫩茎叶花菜类,045413,菊苣,"Endive, Chicory",100,19,1.3,0.2,3.4
蔬菜类及其制品-嫩茎叶花菜类,045415,芦笋（绿）［石刁柏、龙须菜］,Asparagus stem，raw,90,19,2.6,0.1,3.3
蔬菜类及其制品-嫩茎叶花菜类,045416,芦笋（紫）,Asparagus stem，purple，raw,93,22,2.7,0.2,3.4
蔬菜类及其制品-嫩茎叶花菜类,045417,结球菊苣（红）,Radicchio Chicory，red，raw,89,17,1.8,0.2,3.4
蔬菜类及其制品-嫩茎叶花菜类,045418,软化白菊苣,Chicory witloof，raw,97,17,1.5,0.2,3.1
蔬菜类及其制品-嫩茎叶花菜类,045419,穿心莲,Andrographis paniculata，leaf,100,17,1.7,—,2.5
蔬菜类及其制品-嫩茎叶花菜类,045420,红薯叶,Sweet potato leaves,100,27,3.1,Tr,5.1
蔬菜类及其制品-嫩茎叶花菜类,045421,南瓜藤,Pumpkin Tender leaves,100,17,1.7,0.0,3.2
蔬菜类及其制品-嫩茎叶花菜类,045422,三七尖,Sanqi Tender leaves,100,21,2.3,0.2,4.0
蔬菜类及其制品-嫩茎叶花菜类,045423,棠梨花,Tangli flower,100,58,3.5,0.8,9.1
蔬菜类及其制品-嫩茎叶花菜类,045424,洋丝瓜苗,Towel gourd green shoots,81,29,4.4,0.3,2.2
蔬菜类及其制品-根菜类,041101,白萝卜（鲜）［莱菔］,Radish，white skin and flesh，raw,95,16,0.7,0.1,4.0
蔬菜类及其制品-根菜类,041102,卞萝卜［红皮萝卜］,Radish，red skin and white flesh，round，raw,96,18,0.8,0.1,4.2
蔬菜类及其制品-根菜类,041103,红旦旦萝卜［樱桃萝卜，小水萝卜］,Radish，red skin,95,19,0.8,Tr,4.3
蔬菜类及其制品-根菜类,041104,红萝卜［卞萝卜］,Red radish,97,22,1.0,0.1,4.6
蔬菜类及其制品-根菜类,041105,红心萝卜［心里美］,Radish，red flesh,94,41,1.2,Tr,9.8
蔬菜类及其制品-根菜类,041106,花叶萝卜,radish，Petal leaf,85,48,1.2,0.1,11.5
蔬菜类及其制品-根菜类,041108,水萝卜［脆萝卜］,Radish，Chinese,93,22,0.8,Tr,5.5
蔬菜类及其制品-根菜类,041109,小水萝卜［算盘子，红皮萝卜］,Radish，small，red skin,66,21,1.1,0.2,4.2
蔬菜类及其制品-根菜类,041110,红心萝卜［心里美］,*Beautiful heart *radish，red flesh and green skin,88,23,0.8,0.2,4.9
蔬菜类及其制品-根菜类,041112,白萝卜（圆）,Radish，white skin and flesh，round，raw,94,16,0.7,0.2,3.6
蔬菜类及其制品-根菜类,041113,青萝卜,Radish，green skin and flesh，raw,95,29,1.2,0.2,6.9
蔬菜类及其制品-根菜类,041115,樱桃萝卜,Cherry radish，raw,46,12,0.9,0.1,3.0
蔬菜类及其制品-根菜类,041201,胡萝卜（红）［金笋，丁香萝卜］,Carrot，red,96,39,1.0,0.2,8.8
蔬菜类及其制品-根菜类,041202,胡萝卜（黄）,Carrot，yellow,97,46,1.4,0.2,10.2
蔬菜类及其制品-根菜类,041203,胡萝卜（脱水）,Carrot，dehydrated,100,333,4.2,1.9,77.9
蔬菜类及其制品-根菜类,041204,胡萝卜,Carrot，yellow，raw,97,32,1.0,0.2,8.1
蔬菜类及其制品-根菜类,041301,芥菜头［大头菜，水芥］,Horseradish,83,36,1.9,0.2,7.4
蔬菜类及其制品-根菜类,041302,苤蓝［玉蔓菁，球茎甘蓝，大头菜］,Kohlrabi,78,32,1.3,0.2,7.0
蔬菜类及其制品-根菜类,041401,甜菜根（鲜）［甜菜头，糖萝卜］,Beetroot,90,87,1.0,0.1,23.5
蔬菜类及其制品-根菜类,041402,根芹［根洋芹、球根塘蒿］,Celeriac，raw,67,38,2.2,0.1,10.0
蔬菜类及其制品-根菜类,041403,紫菜头,Garden beet，purple skin and flesh，raw,89,42,1.8,0.2,10.6
蔬菜类及其制品-水生蔬菜类,046001,慈姑（鲜）［乌芋，白地果］,Arrowhead,89,97,4.6,0.2,19.9
蔬菜类及其制品-水生蔬菜类,046002,豆瓣菜（鲜）［西洋菜，水田芥］,Watercress,73,20,2.9,0.5,1.5
蔬菜类及其制品-水生蔬菜类,046003,菱角（老，鲜）［龙角］,Water caltrop,57,101,4.5,0.1,21.4
蔬菜类及其制品-水生蔬菜类,046005,蒲菜（鲜）［香蒲，甘蒲，野茭白］,Cattail,12,14,1.2,0.1,2.4
蔬菜类及其制品-水生蔬菜类,046006,水芹菜,Water celery,60,13,1.4,0.2,1.8
蔬菜类及其制品-水生蔬菜类,046007,茭白（鲜）［茭笋，茭粑］,Water bamboo,74,26,1.2,0.2,5.9
蔬菜类及其制品-水生蔬菜类,046008,荸荠（鲜）［马蹄，地栗］,Water chestnut,78,61,1.2,0.2,14.2
蔬菜类及其制品-水生蔬菜类,046009,莼菜（瓶装）［花案菜］,"Walershie, bottled",100,21,1.4,0.1,3.8
蔬菜类及其制品-水生蔬菜类,046010,藕［莲藕］,"Lotus root, raw",88,47,1.2,0.2,11.5
蔬菜类及其制品-水生蔬菜类,046011,红菱,,54,165,5.7,0.3,40.9
蔬菜类及其制品-茄果瓜菜类,043101x,茄子（代表值）,Eggplant,93,23,1.1,0.2,4.9
蔬菜类及其制品-茄果瓜菜类,043102,茄子（绿皮）,"Eggplant, long, pale green skin",90,28,1.0,0.6,5.2
蔬菜类及其制品-茄果瓜菜类,043103,茄子（圆）,"Eggplant, round",95,32,1.6,0.2,6.7
蔬菜类及其制品-茄果瓜菜类,043106,番茄（整个，罐头）,"Tomato, whole, canned",100,22,2.0,0.6,2.6
蔬菜类及其制品-茄果瓜菜类,043107,奶柿子［西红柿］,"Tomato, oval",100,14,0.6,0.1,3.2
蔬菜类及其制品-茄果瓜菜类,043108,辣椒（红，尖，干）,"Hot pepper, red, sharp top, dried",88,295,15.0,12.0,52.7
蔬菜类及其制品-茄果瓜菜类,043109,辣椒（红，小）,"Hot pepper, red, small",80,38,1.3,0.4,8.9
蔬菜类及其制品-茄果瓜菜类,043112,甜椒（脱水）,"Sweet pepper, dehydrated",100,324,7.6,0.4,76.6
蔬菜类及其制品-茄果瓜菜类,043113,葫子,Hispid bottle gourd,85,29,0.7,0.1,6.8
蔬菜类及其制品-茄果瓜菜类,043115,茄子（白皮、长）,"Eggplant, long, white skin, raw",97,21,1.3,0.1,5.5
蔬菜类及其制品-茄果瓜菜类,043116,茄子（紫皮、长）,"Eggplant, long, dark purple skin, raw",95,18,1.1,0.1,4.8
蔬菜类及其制品-茄果瓜菜类,043117,茄子（紫皮、圆）,"Eggplant, round, dark purple skin, raw",98,23,0.8,0.2,5.3
蔬菜类及其制品-茄果瓜菜类,043118,香瓜茄,"Pepino, raw",96,21,0.6,Tr,5.5
蔬菜类及其制品-茄果瓜菜类,043119,番茄［西红柿］,"Tomato, raw",97,15,0.9,0.2,3.3
蔬菜类及其制品-茄果瓜菜类,043120,樱桃番茄［小西红柿］,"Cherry tomato, raw",98,25,1.0,0.2,5.8
蔬菜类及其制品-茄果瓜菜类,043121,辣椒（小红尖辣椒）,"Chilli or hot pepper, red, small, raw",89,62,4.1,0.4,17.7
蔬菜类及其制品-茄果瓜菜类,043122,辣椒（小红尖辣椒、干）,"Chilli or hot pepper, red, small, raw, dried",88,298,15.4,12.0,57.4
蔬菜类及其制品-茄果瓜菜类,043123,辣椒（青、尖）,"Chilli or hot pepper, green, pointed tip, raw",91,22,0.8,0.3,5.2
蔬菜类及其制品-茄果瓜菜类,043124,甜椒［灯笼椒、柿子椒］,"Pepper or capsicum, sweet, green, raw",82,18,1.0,0.2,3.8
蔬菜类及其制品-茄果瓜菜类,043125,彩椒,"Pepper or capsicum, sweet, red, yellow or purple etc., raw",83,26,1.3,0.2,6.4
蔬菜类及其制品-茄果瓜菜类,043126,秋葵［黄秋葵、羊角豆］,"Okra, raw",98,25,1.8,0.2,6.2
蔬菜类及其制品-茄果瓜菜类,043201,白瓜,"Conomon, white skin",83,12,0.9,—,2.6
蔬菜类及其制品-茄果瓜菜类,043202,菜瓜［生瓜，白瓜］,"Conomon, white skin",88,19,0.6,0.2,3.9
蔬菜类及其制品-茄果瓜菜类,043204,方瓜,Pumpkin,82,14,0.8,Tr,3.1
蔬菜类及其制品-茄果瓜菜类,043205,佛手瓜［棒瓜，菜肴梨］,Chayote,100,18,1.2,0.1,3.8
蔬菜类及其制品-茄果瓜菜类,043206,葫芦［长瓜，蒲瓜，瓠瓜］,Calabash,87,16,0.7,0.1,3.5
蔬菜类及其制品-茄果瓜菜类,043207,葫芦条（干）,"Calabash strip, dried",100,256,4.3,1.8,64.6
蔬菜类及其制品-茄果瓜菜类,043208,黄瓜（鲜）［胡瓜］,Cucumber,92,16,0.8,0.2,2.9
蔬菜类及其制品-茄果瓜菜类,043209,节瓜［毛瓜］,Wax gourd,92,14,0.6,0.1,3.4
蔬菜类及其制品-茄果瓜菜类,043210,金瓜,Spaghetti squash,82,15,0.5,0.1,3.4
蔬菜类及其制品-茄果瓜菜类,043211,金丝瓜［裸瓣瓜］,Cochinchina gymnopetalum,80,38,3.3,2.0,2.2
蔬菜类及其制品-茄果瓜菜类,043212,苦瓜（鲜）［凉瓜，癞瓜］,"Balsampear, bitter melon",81,22,1.0,0.1,4.9
蔬菜类及其制品-茄果瓜菜类,043213,南瓜（鲜）［倭瓜，番瓜］,Pumpkin,85,23,0.7,0.1,5.3
蔬菜类及其制品-茄果瓜菜类,043214,南瓜粉,Pumpkin meal,100,343,7.1,2.1,79.6
蔬菜类及其制品-茄果瓜菜类,043215,蛇瓜［蛇豆，大豆角］,Serpent gourd,89,18,1.5,0.1,3.9
蔬菜类及其制品-茄果瓜菜类,043217,笋瓜［生瓜］,Winter squash,91,13,0.5,—,3.1
蔬菜类及其制品-茄果瓜菜类,043218,西葫芦,"Zucchini, green, summer squash",73,19,0.8,0.2,3.8
蔬菜类及其制品-茄果瓜菜类,043219,面西胡瓜,"Summer squash, yellow",88,10,0.8,Tr,1.8
蔬菜类及其制品-茄果瓜菜类,043220,小西胡瓜,"Summer squash, green",79,22,0.7,0.1,4.8
蔬菜类及其制品-茄果瓜菜类,043221,冬瓜,"Chinese wax gourd or winter melon, raw",80,10,0.3,0.2,2.4
蔬菜类及其制品-茄果瓜菜类,043222,飞碟瓜,"Scallop squash, raw",91,18,1.0,0.1,4.4
蔬菜类及其制品-茄果瓜菜类,043223,黄金西葫芦,"Zucchini, Golden, raw",91,17,1.8,0.1,3.6
蔬菜类及其制品-茄果瓜菜类,043224,黄茎瓜［小南瓜］,"Calabaza, raw",100,19,1.2,0.9,2.0
蔬菜类及其制品-茄果瓜菜类,043225,迷你黄瓜［荷兰乳黄瓜］,"Mini cucumber, raw",92,14,1.0,0.2,2.5
蔬菜类及其制品-茄果瓜菜类,043226,秋黄瓜［旱黄瓜］,"Cucumber, *Autumn*, raw",92,14,0.9,0.2,2.5
蔬菜类及其制品-茄果瓜菜类,043227,南瓜（栗面）,"Pumpkin, raw",74,36,1.4,0.1,8.8
蔬菜类及其制品-茄果瓜菜类,043228,丝瓜,"Sponge gourd, raw",83,20,1.3,0.2,4.0
蔬菜类及其制品-葱蒜类,044101,大蒜（白皮，鲜）［蒜头］,Garlic bulb,85,128,4.5,0.2,27.6
蔬菜类及其制品-葱蒜类,044102,大蒜（脱水）,Garlic bulb，dehydrated,100,348,13.2,0.3,75.4
蔬菜类及其制品-葱蒜类,044103,大蒜（紫皮，鲜）［蒜头］,Garlic bulb，purple skin,89,139,5.2,0.2,29.6
蔬菜类及其制品-葱蒜类,044104,青蒜（青葱）,Leeks，young leaf,84,34,2.4,0.3,6.2
蔬菜类及其制品-葱蒜类,044105,蒜黄（黄色）,Garlic greens，yellow leaf,97,24,2.5,0.2,3.8
蔬菜类及其制品-葱蒜类,044106,蒜苗（绿色，青蒜）,Garlic stalk,82,40,2.1,0.4,8.0
蔬菜类及其制品-葱蒜类,044107,蒜薹（圆）,Garlic scapes,90,66,2.0,0.1,15.4
蔬菜类及其制品-葱蒜类,044202,大葱（红皮）,Scallion，red skin,68,49,2.4,0.1,10.2
蔬菜类及其制品-葱蒜类,044203,分葱［四季葱，菜葱］,Fistular onion，chire,100,34,2.2,0.7,5.1
蔬菜类及其制品-葱蒜类,044205,葱（小葱，鲜）,Scallion，spring onion,73,27,1.6,0.4,4.9
蔬菜类及其制品-葱蒜类,044206,大葱,Scallion，raw，Green chinese onion,82,28,1.6,0.3,5.8
蔬菜类及其制品-葱蒜类,044207,细香葱［香葱、四季葱］,Chive，raw,89,28,1.4,0.3,6.6
蔬菜类及其制品-葱蒜类,044301,洋葱（鲜）［葱头］,Onion bulb,90,40,1.1,0.2,9.0
蔬菜类及其制品-葱蒜类,044302,洋葱（白皮，脱水）,Onion bulb，white skin，dehydrated,100,342,5.5,0.4,81.9
蔬菜类及其制品-葱蒜类,044303,洋葱（紫皮，脱水）,Onion bulb，purple skin，dehydrated,100,339,6.9,0.4,80.6
蔬菜类及其制品-葱蒜类,044402,韭黄（韭芽，黄色）,Chives，yellow,88,24,2.3,0.2,3.9
蔬菜类及其制品-葱蒜类,044403,韭薹,Chives flowering stalk,85,37,2.2,0.1,7.8
蔬菜类及其制品-葱蒜类,044404,韭菜,Chinese chive，raw,90,25,2.4,0.4,4.5
蔬菜类及其制品-葱蒜类,044501,薤［皎头］,Longstamen onion bulb,—,1,—,—,—
蔬菜类及其制品-葱蒜类,044502,薤白（鲜）［小根蒜，山蒜，团蒜］,Longstamen onion bulb,100,124,3.4,0.4,27.1
蔬菜类及其制品-薯芋类,047101,大薯（鲜）［参薯］,Winged yam,74,108,2.1,0.2,24.9
蔬菜类及其制品-薯芋类,047102,豆薯（鲜）［凉薯，地瓜，沙葛］,Yambean,91,56,0.9,0.1,13.4
蔬菜类及其制品-薯芋类,047103,葛（鲜）［葛薯，粉葛］,Kudzu,90,150,2.2,0.2,36.1
蔬菜类及其制品-薯芋类,047104,山药（鲜）［薯蓣，大薯］,Yam,83,57,1.9,0.2,12.4
蔬菜类及其制品-薯芋类,047105,山药（干）,Yam，dried,100,327,9.4,1.0,70.8
蔬菜类及其制品-薯芋类,047202,槟榔芋（鲜）,Taro，*Binglang*,87,90,3.0,0.1,19.7
蔬菜类及其制品-薯芋类,047203,芋头［芋艿、毛芋］,Taro，raw,88,56,1.3,0.2,12.7
蔬菜类及其制品-薯芋类,047204,芋头（煮）,Taro，boiled,100,60,2.9,0.1,13.0
蔬菜类及其制品-薯芋类,047301,姜（鲜）［黄姜］,Ginger,95,46,1.3,0.6,10.3
蔬菜类及其制品-薯芋类,047302,姜（干）,Ginger，dried,95,308,9.1,5.7,64.0
蔬菜类及其制品-薯芋类,047303,姜（子姜，鲜）［嫩姜］,Ginger，young,82,21,0.7,0.6,3.7
蔬菜类及其制品-薯芋类,047304,洋姜（鲜）［菊芋，鬼子姜］,Jerusalem artichoke,100,64,2.4,Tr,15.8
蔬菜类及其制品-野生蔬菜类,048001,艾蒿,Moxa,100,—,—,—,3.6
蔬菜类及其制品-野生蔬菜类,048002,白花菜,Common spiderflower,100,—,—,—,0.0
蔬菜类及其制品-野生蔬菜类,048003,白花桔梗,Balloonflower,100,—,—,—,—
蔬菜类及其制品-野生蔬菜类,048004,白沙蒿（鲜）［沙蒿］,Ciliatescale wormwood,100,56,4.3,0.9,8.5
蔬菜类及其制品-野生蔬菜类,048005,白沙蒿子（干）［沙蒿子］,Ciliatescale wormwood seeds,100,412,27.9,15.1,41.0
蔬菜类及其制品-野生蔬菜类,048006,白薯叶（鲜）［甘薯叶］,Hispid yam leaf,100,60,4.8,0.7,9.0
蔬菜类及其制品-野生蔬菜类,048007,百里香（鲜）,Thyme,100,—,—,—,—
蔬菜类及其制品-野生蔬菜类,048008,败酱（鲜）［胭脂麻］,Whiteflower patrinia,100,69,1.5,1.0,17.3
蔬菜类及其制品-野生蔬菜类,048009,扁蓄菜（鲜）［竹节草］,Common knotgrass,100,75,6.0,0.6,12.4
蔬菜类及其制品-野生蔬菜类,048010,朝鲜蓟（鲜）,Artichokes,100,54,2.7,0.2,10.9
蔬菜类及其制品-野生蔬菜类,048011,刺儿菜（鲜）［小蓟，蓟蓟菜］,Common cephalanoplos,100,42,4.5,0.4,5.9
蔬菜类及其制品-野生蔬菜类,048012,刺楸（鲜）,Septemlobate kalopanax,100,—,—,—,—
蔬菜类及其制品-野生蔬菜类,048013,达乌里胡枝子（鲜）［牛枝子，豆豆苗］,Dahurian bushclover,100,117,7.0,1.0,23.1
蔬菜类及其制品-野生蔬菜类,048014,达乌里胡枝子子（鲜）［牛枝子子，豆豆苗子］,Dahurian bushclover seeds,100,367,36.8,8.3,41.7
蔬菜类及其制品-野生蔬菜类,048015,大玻璃草叶（鲜）［大车前］,Rippleseed plantain,100,49,4.4,0.3,8.8
蔬菜类及其制品-野生蔬菜类,048016,大巢菜（鲜）［野苕子，野豌豆］,Giant vetch,100,63,3.8,0.5,13.6
蔬菜类及其制品-野生蔬菜类,048017,大蓟叶（鲜）［飞廉叶］,Japanese thistle leaf,100,38,1.5,1.4,5.5
蔬菜类及其制品-野生蔬菜类,048018,地肤（鲜）［益明，扫帚苗］,Belvedere,100,65,5.2,0.8,10.4
蔬菜类及其制品-野生蔬菜类,048019,地笋（鲜）［地古牛，地瓜儿苗叶］,Bugleweed,100,69,4.3,0.7,13.7
蔬菜类及其制品-野生蔬菜类,048020,豆腐柴（鲜）,Japanese premna,100,—,—,—,—
蔬菜类及其制品-野生蔬菜类,048021,独行菜（鲜）,Peppergrass,100,19,2.0,—,—
蔬菜类及其制品-野生蔬菜类,048022,独行菜（宽，鲜）,Peppergrass,100,—,—,—,—
蔬菜类及其制品-野生蔬菜类,048024,胡枝子（鲜）［山豆子］,Shrub lespedeza,100,138,5.3,2.2,29.6
蔬菜类及其制品-野生蔬菜类,048025,槐花（鲜）［洋槐花，豆槐花］,Japanese pagoda tree,100,82,3.1,0.7,17.0
蔬菜类及其制品-野生蔬菜类,048026,黄麻叶（鲜）,"Jute, potherb",100,42,4.7,0.3,5.8
蔬菜类及其制品-野生蔬菜类,048027,碱蓬（鲜）［棉蓬，猪毛菜］,Common russian thistle,100,33,2.8,0.3,5.2
蔬菜类及其制品-野生蔬菜类,048028,苦苦菜（鲜）,Wild lettuce,100,42,2.5,0.9,6.8
蔬菜类及其制品-野生蔬菜类,048029,轮叶党参,Lance asiabell,100,—,—,—,—
蔬菜类及其制品-野生蔬菜类,048030,罗勒［兰香］,Basil,100,26,3.8,,4.6
蔬菜类及其制品-野生蔬菜类,048031,马齿苋（鲜）［长寿菜，瓜子菜］,Purslane,100,28,2.3,0.5,3.9
蔬菜类及其制品-野生蔬菜类,048032,马兰头（鲜）［马兰，鸡儿肠，路边菊］,"Kalimeris, Indica",100,28,2.4,0.4,4.6
蔬菜类及其制品-野生蔬菜类,048033,麦瓶草（鲜）［米瓦罐］,Silene,100,38,4.5,0.5,4.4
蔬菜类及其制品-野生蔬菜类,048034,牛至,Common origanum,100,,,,—
蔬菜类及其制品-野生蔬菜类,048035,牛蒡叶（鲜）,Great burdock,100,42,4.7,0.8,5.1
蔬菜类及其制品-野生蔬菜类,048036,爬景天（鲜）［石头菜］,Gypsophila,100,21,0.6,0.7,3.5
蔬菜类及其制品-野生蔬菜类,048037,喷瓜,Squirting cucumber,100,—,—,—,—
蔬菜类及其制品-野生蔬菜类,048038,婆罗门参（白，鲜）,"Oyster plant, white",100,—,—,—,—
蔬菜类及其制品-野生蔬菜类,048039,婆罗门参（黑，鲜）［鸦葱］,"Oyster plant, black",100,—,—,0.1,—
蔬菜类及其制品-野生蔬菜类,048040,蒲公英叶（鲜）［黄花苗叶，孛孛丁叶］,Dandelion greens,100,53,4.8,1.1,7.0
蔬菜类及其制品-野生蔬菜类,048041,掐不齐（鲜）［鸡眼草，牛黄草］,Japan clover,100,110,6.1,1.4,23.6
蔬菜类及其制品-野生蔬菜类,048042,清明菜（鲜）［鼠曲菜］,Cudweed,100,49,3.1,0.6,8.9
蔬菜类及其制品-野生蔬菜类,048044,沙参叶（鲜）［白参］,Upright ladybell,100,93,0.8,1.6,21.6
蔬菜类及其制品-野生蔬菜类,048045,沙蓬子（鲜）［沙米］,Squarrose agriophyllum,100,349,21.5,8.1,50.6
蔬菜类及其制品-野生蔬菜类,048046,山苦荬叶（鲜）［启明菜叶］,Ixeris,100,33,2.2,0.4,5.6
蔬菜类及其制品-野生蔬菜类,048047,食用大黄（鲜）,rhubarb root,100,9,1.6,,1.5
蔬菜类及其制品-野生蔬菜类,048048,食用黄麻,Jute,100,22,0.9,0.1,—
蔬菜类及其制品-野生蔬菜类,048049,酸模（鲜）,Garden sorrel,100,17,1.7,0.2,—
蔬菜类及其制品-野生蔬菜类,048050,汤菜（鲜）,"*Tangcai*, used for flavoring soups",100,24,1.8,0.5,3.4
蔬菜类及其制品-野生蔬菜类,048051,土三七（鲜）［景天三七］,Aizoon stonecrop,100,48,2.1,0.7,9.0
蔬菜类及其制品-野生蔬菜类,048052,歪头菜（鲜）［草豆，二叶萩］,Pair vetch,100,74,2.5,0.3,17.9
蔬菜类及其制品-野生蔬菜类,048053,梧桐子（鲜）［瓢儿果］,Phoenix tree,100,560,23.6,38.8,30.1
蔬菜类及其制品-野生蔬菜类,048054,夏枯草（鲜）［铁色草］,Asian selfheal,100,63,2.5,0.7,12.7
蔬菜类及其制品-野生蔬菜类,048055,香椿（鲜）［香椿芽］,"Toona leaf, young",76,50,1.7,0.4,10.9
蔬菜类及其制品-野生蔬菜类,048056,香茅,Citronella,100,17,1.7,0.2,—
蔬菜类及其制品-野生蔬菜类,048057,小旋花（鲜）［狗儿蔓］,Ivy glorybind,100,60,,0.5,15.4
蔬菜类及其制品-野生蔬菜类,048058,鸭跖草（鲜）［竹叶菜，淡竹叶］,Common dayflower,100,34,2.8,0.3,5.7
蔬菜类及其制品-野生蔬菜类,048059,野葱（鲜）［沙葱，麦葱］,Yellowflower onion,100,36,2.7,0.2,6.7
蔬菜类及其制品-野生蔬菜类,048060,野韭菜（鲜）［山韭］,Aging onion,100,44,3.7,0.9,7.2
蔬菜类及其制品-野生蔬菜类,048061,野菊（鲜）,Indian dendranthema,100,46,3.2,0.5,9.0
蔬菜类及其制品-野生蔬菜类,048062,野蒜（鲜）［小蒜，野葱］,"Wild onion, young leaf and bulb",82,34,1.0,0.4,7.7
蔬菜类及其制品-野生蔬菜类,048063,野苋菜（鲜）［假苋菜］,Wrinkledfruit amaranth,100,62,5.5,0.6,9.5
蔬菜类及其制品-野生蔬菜类,048064,茵陈蒿（鲜）［茵陈］,Capillary wormwood,100,65,5.6,0.4,12.0
蔬菜类及其制品-野生蔬菜类,048065,榆钱（鲜）,"Elm, young green fruit",100,45,4.8,0.4,7.6
蔬菜类及其制品-野生蔬菜类,048067,珍珠花菜,Clethra loosestrife,100,17,1.7,0.2,—
蔬菜类及其制品-野生蔬菜类,048068,紫花桔梗,Balloonflower,100,22,0.9,0.1,—
蔬菜类及其制品-野生蔬菜类,048069,紫萼香茶菜,Purplehair rabdosia,100,17,1.7,0.2,—
蔬菜类及其制品-野生蔬菜类,048070,苣荬菜（尖叶）［取荬菜，苦麻子］,Curly Endire bitter,100,19,2.0,0.0,—
蔬菜类及其制品-野生蔬菜类,048072,苜蓿子（干）［紫苜蓿子］,Medic,100,359,36.4,8.7,39.9
蔬菜类及其制品-野生蔬菜类,048073,茴芹（鲜）,Diversifolious pimpinella,100,22,0.9,0.1,17.0
蔬菜类及其制品-野生蔬菜类,048074,荠菜（鲜）［野荠］,Knotweed,65,13,0.7,0.2,2.7
蔬菜类及其制品-野生蔬菜类,048075,蒌蒿（鲜）,Seleng wormwood,100,57,3.7,0.7,9.0
蔬菜类及其制品-野生蔬菜类,048076,蕨菜（鲜）［龙头菜，如意菜］,Wild brake,100,42,1.6,0.4,9.0
蔬菜类及其制品-野生蔬菜类,048077,蕨菜（脱水）,"Bracken, dehydrated",100,302,6.6,0.9,79.7
蔬菜类及其制品-野生蔬菜类,048078,蕨麻（干）［鹅绒委陵菜］,Silverweed cinquefoil,100,357,12.6,1.4,75.0
蔬菜类及其制品-野生蔬菜类,048079,枸杞菜（鲜）［枸杞，地骨］,Wolfberry leaf,49,47,5.6,1.1,4.5
蔬菜类及其制品-野生蔬菜类,048080,酢浆草（鲜）［酸酸草，酸溜溜］,Garden sorrel,100,66,3.1,0.5,12.4
蔬菜类及其制品-野生蔬菜类,048081,苦苣菜［苦菜，天精菜］,"Common sow thistle, raw",100,32,3.1,0.6,4.5
蔬菜类及其制品-野生蔬菜类,048082,苜蓿［草头，金花菜］,"Alfalfa, raw",95,35,5.0,0.7,2.9
蔬菜类及其制品-野生蔬菜类,048083,鱼腥草（叶）［蕺菜，臭菜］,"Heartleaf houttuynia, leaf, raw",100,32,2.1,0.1,10.7
蔬菜类及其制品-野生蔬菜类,048084,鱼腥草（根）,"Heartleaf houttuynia, root, raw",86,63,2.1,0.1,19.5
蔬菜类及其制品-野生蔬菜类,048085,刺五加尖,"Acanthopanax senticosus, tender leaf",74,69,4.8,1.0,10.2
蔬菜类及其制品-野生蔬菜类,048086,枸杞叶,"leaf, Chinese wolf berry",100,34,3.0,1.3,5.3
蔬菜类及其制品-野生蔬菜类,048087,灰灰菜（干，藜）,"Chenopodium album Linn, wild vegetables",100,312,18.3,1.5,56.2
蔬菜类及其制品-野生蔬菜类,048088,荆芥,Herba schizonepetae,52,26,2.6,—,4.3
蔬菜类及其制品-鲜豆类,042101,扁豆［月亮菜］,Hyacinth bean，green，with husk，raw,91,41,2.7,0.2,8.2
蔬菜类及其制品-鲜豆类,042102,蚕豆（鲜）,Broad bean，with double seed coats,31,111,8.8,0.4,19.5
蔬菜类及其制品-鲜豆类,042103,刀豆（鲜）,Jackbean,92,40,3.1,0.3,7.0
蔬菜类及其制品-鲜豆类,042104,豆角,Kidney bean，green,96,34,2.5,0.2,6.7
蔬菜类及其制品-鲜豆类,042105,豆角（鲜，白）,Kidney bean，white,97,35,2.2,0.2,7.4
蔬菜类及其制品-鲜豆类,042106,荷兰豆,Snow pea，edible pod,88,30,2.5,0.3,4.9
蔬菜类及其制品-鲜豆类,042107,龙豆（鲜）,Kidney bean,98,36,3.7,0.5,5.0
蔬菜类及其制品-鲜豆类,042108,龙牙豆（鲜）［玉豆］,Kidney bean,93,19,2.6,0.2,2.4
蔬菜类及其制品-鲜豆类,042109,毛豆（鲜）［青豆，菜用大豆］,*Pale green* soybean，with seed coat,53,131,13.1,5.0,10.5
蔬菜类及其制品-鲜豆类,042110,四季豆（菜豆）,Beans，snap all season,96,31,2.0,0.4,5.7
蔬菜类及其制品-鲜豆类,042111,豌豆（带荚，鲜）［回回豆］,Pea，with pod,42,111,7.4,0.3,21.2
蔬菜类及其制品-鲜豆类,042112,豌豆尖,Pea shoots，tender greens,100,225,3.1,Tr,53.9
蔬菜类及其制品-鲜豆类,042113,油豆角（鲜）［多花菜豆］,Scarlet runner bean,99,25,2.4,0.3,3.9
蔬菜类及其制品-鲜豆类,042114,垅船豆（鲜）,Ridge bean，green,82,36,2.0,0.4,6.8
蔬菜类及其制品-鲜豆类,042115,芸豆（鲜）,Kidney bean，green,96,30,0.8,0.1,7.4
蔬菜类及其制品-鲜豆类,042117,豇豆（长）,Yardlong cowpea,98,32,2.7,0.2,5.8
蔬菜类及其制品-鲜豆类,042118,扁豆,Hyacinth bean，green，with husk，raw,96,32,2.3,0.2,7.4
蔬菜类及其制品-鲜豆类,042119,豇豆,Cowpea，common，with husk，raw,97,32,2.2,0.3,7.3
蔬菜类及其制品-鲜豆类,042120,四季豆［菜豆、芸豆］,Kidney bean，green，with husk，raw,96,24,2.0,0.2,6.0
蔬菜类及其制品-鲜豆类,042121,四棱豆［杨桃豆、翅豆］,Winged bean，with husk，raw,96,19,2.0,0.2,4.2
蔬菜类及其制品-鲜豆类,042122,甜脆荷兰豆［甜豆］,Sugar pea，with husk，raw,100,32,3.0,0.3,8.1
蔬菜类及其制品-鲜豆类,042201,发芽豆,Broad bean，sprouted，with seed coat,83,131,12.4,0.7,19.4
蔬菜类及其制品-鲜豆类,042202,黄豆芽,Soybean sprouts,100,47,4.5,1.6,4.5
蔬菜类及其制品-鲜豆类,042205,黄豆芽,Sprout，soybean，raw,100,39,4.4,1.6,3.6
蔬菜类及其制品-鲜豆类,042206,绿豆芽,Sprout，mung bean，raw,100,16,1.7,0.1,2.6
蔬菜类及其制品-鲜豆类,042207,黑豆苗,Seedling，black bean，raw,100,30,4.4,0.8,2.6
蔬菜类及其制品-鲜豆类,042208,豌豆苗,Seedling，pea，raw,100,32,4.8,0.8,2.6
薯类淀粉及其制品-淀粉类,022101,蚕豆淀粉,Broad bean starch,100,342,0.5,Tr,85.3
薯类淀粉及其制品-淀粉类,022102,豌豆淀粉,Pea starch,100,342,0.6,Tr,85.0
薯类淀粉及其制品-淀粉类,022103,玉米淀粉,Corn starch,100,346,1.2,0.1,85.0
薯类淀粉及其制品-淀粉类,022104,团粉［芡粉］,Mixed starch,100,348,1.5,Tr,85.8
薯类淀粉及其制品-淀粉类,022105,藕粉,Lotus root starch,100,373,0.2,Tr,93.0
薯类淀粉及其制品-淀粉类,022106,桂花藕粉,Lotus root starch，with osmanthus flower,100,344,0.4,0.1,85.3
薯类淀粉及其制品-淀粉类,022107,魔芋精粉［鬼芋粉，南星粉］,Giant arum flour,100,186,4.6,0.1,78.8
薯类淀粉及其制品-淀粉类,022108,淀粉（小麦）,Starch，wheat,100,351,0.2,0.5,86.0
薯类淀粉及其制品-淀粉类,022109,淀粉（大米）,Starch，rice,100,366,0.2,0.7,89.3
薯类淀粉及其制品-淀粉类,022110,淀粉（马铃薯）,Starch，potato,100,332,0.1,0.1,82.0
薯类淀粉及其制品-淀粉类,022111,淀粉（甘薯）,Starch，sweet potato,100,342,0.1,0.2,84.4
薯类淀粉及其制品-淀粉类,022112,煎炸粉,Potato starch flour，for pan-frying,100,331,12.1,1.4,73.6
薯类淀粉及其制品-淀粉类,022201,粉丝,Corn starch noodle，thin，dried,100,338,0.8,0.2,83.7
薯类淀粉及其制品-淀粉类,022202,豌豆粉丝,Pea starch noodle,100,368,0.4,Tr,91.7
薯类淀粉及其制品-淀粉类,022203,粉条,Pea starch noodle，broad，dried,100,338,0.5,0.1,84.2
薯类淀粉及其制品-薯类,021101,马铃薯［土豆、洋芋］,Potato，white,94,81,2.6,0.2,17.8
薯类淀粉及其制品-薯类,021102,马铃薯丁（脱水）,Potato，slab，dehydrated,100,344,5.7,0.5,80.7
薯类淀粉及其制品-薯类,021105,马铃薯（烤）,Potato，baked，peeled,100,70,1.8,0.1,16.4
薯类淀粉及其制品-薯类,021106,马铃薯（蒸）,Potato，steamed，peeled,100,69,3,Tr,15.3
薯类淀粉及其制品-薯类,021107,马铃薯（煮）,Potato，boiled，peeled,100,65,3.2,Tr,14.2
薯类淀粉及其制品-薯类,021108,马铃薯全粉,Potato flour,100,362,8.4,0.5,82.7
薯类淀粉及其制品-薯类,021201,甘薯（白心）［红皮山芋］,Sweet potato，white flesh,86,106,1.4,0.2,25.2
薯类淀粉及其制品-薯类,021203,甘薯片［白薯干］,Sweet potato slice，dried,100,344,4.7,0.8,80.5
薯类淀粉及其制品-薯类,021204,甘薯粉［地瓜粉］,Sweet potato flour,100,336,2.7,0.2,80.9
薯类淀粉及其制品-薯类,021205,甘薯（红心）［山芋、红薯］,Sweet potato，red flesh，raw,90,61,0.7,0.2,15.3
薯类淀粉及其制品-薯类,021301,木薯,Cassava,99,119,2.1,0.3,27.8
蛋类及其制品-鸡蛋,111101x,鸡蛋（代表值）,Chicken，egg,87,139,13.1,8.6,2.4
蛋类及其制品-鸡蛋,111102,鸡蛋（白皮）,Chicken，egg，white shell，whole,87,138,12.7,9.0,1.5
蛋类及其制品-鸡蛋,111104,鸡蛋（土鸡）,Chicken，egg，free range chicken，whole,88,138,14.4,6.4,5.6
蛋类及其制品-鸡蛋,111105,鸡蛋白,Chicken，egg white,100,60,11.6,0.1,3.1
蛋类及其制品-鸡蛋,111106,鸡蛋白（乌骨鸡）,Chicken，egg white，black-boned chicken,100,44,9.8,0.1,1.0
蛋类及其制品-鸡蛋,111107,鸡蛋黄,Chicken，egg yolk,100,328,15.2,28.2,3.4
蛋类及其制品-鸡蛋,111108,鸡蛋黄（乌骨鸡）,Chicken，egg yolk，black boned chicken,100,263,15.2,19.9,5.7
蛋类及其制品-鸡蛋,111109,鸡蛋（红皮）,,87,143,12.2,10.5,0.0
蛋类及其制品-鸡蛋,111110,鸡蛋（藏鸡蛋）,,86,162,12.6,11.3,2.4
蛋类及其制品-鸡蛋,111111,鸡蛋（乌鸡蛋，绿皮）,,88,170,12.6,10.6,6.1
蛋类及其制品-鸡蛋,111201,鸡蛋粉［全蛋粉］,Chicken，egg powder，whole,100,545,43.4,36.2,11.3
蛋类及其制品-鸡蛋,111202,鸡蛋黄粉,Chicken，egg yolk powder,100,644,31.6,55.1,5.3
蛋类及其制品-鸡蛋,111203,松花蛋（鸡蛋）,*Chicken，century egg， preserved in lime,83,178,14.8,10.6,5.8
蛋类及其制品-鸡蛋,111204,鸡蛋（煮）,,86,143,12.1,10.5,0.1
蛋类及其制品-鸡蛋,111205,毛蛋,,87,176,14.2,13.2,0.0
蛋类及其制品-鸡蛋,111206,荷包蛋（油煎）,,100,195,13.5,15.0,1.4
蛋类及其制品-鸡蛋,111207,荷包蛋（煮）,,100,155,12.3,11.7,0.2
蛋类及其制品-鸭蛋,112101,鸭蛋,Duck，egg，whole,87,180,12.6,13.0,3.1
蛋类及其制品-鸭蛋,112102,鸭蛋白,Duck，egg white,100,47,9.9,—,1.8
蛋类及其制品-鸭蛋,112103,鸭蛋黄,Duck，egg yolk,100,378,14.5,33.8,4.0
蛋类及其制品-鸭蛋,112104,海鸭蛋,,87,243,12.7,13.8,16.9
蛋类及其制品-鸭蛋,112201,松花蛋（鸭蛋）［皮蛋］,"Duck, century egg，preserved in powdered lime",90,171,14.2,10.7,4.5
蛋类及其制品-鸭蛋,112202,鸭蛋（咸鸭蛋，生）,"Duck，egg，whole，preserved in salt, raw",88,190,12.7,12.7,6.3
蛋类及其制品-鸭蛋,112203,鸭蛋（咸鸭蛋，煮）,,84,177,13.8,13.5,0.0
蛋类及其制品-鹅蛋,113101,鹅蛋,Goose egg，whole,87,196,11.1,15.6,2.8
蛋类及其制品-鹅蛋,113102,鹅蛋白,Goose egg white,100,48,8.9,—,3.2
蛋类及其制品-鹅蛋,113103,鹅蛋黄,Goose egg yolk,100,324,15.5,26.4,6.2
蛋类及其制品-鹅蛋,113104,鹅蛋（煮）,,85,177,12.7,13.6,1.0
蛋类及其制品-鹌鹑蛋,114101,鹌鹑蛋,Quail egg，whole,86,160,12.8,11.1,2.1
蛋类及其制品-鹌鹑蛋,114201,鹌鹑蛋（五香罐头）,Quail egg，whole，flavored with five spice，canned,89,152,11.6,11.7,0.0
谷类及其制品-其他,019001,高粱米,"Sorghum, broomcorn",100,360,10.4,3.1,74.7
谷类及其制品-其他,019002,糜子（带皮）,"Prosomillet, unhulled",100,336,10.6,0.6,75.1
谷类及其制品-其他,019003,糜子米（炒米）,"Prosomillet, roasted",100,376,8.1,2.6,80.5
谷类及其制品-其他,019004,苦荞麦粉,Tartarian buckwheat flour,100,316,9.7,2.7,66.0
谷类及其制品-其他,019005,荞麦,"Buckwheat, hulled",100,337,9.3,2.3,73.0
谷类及其制品-其他,019006,荞麦（带皮）,"Buckwheat, with hull",98,319,9.5,1.7,73.0
谷类及其制品-其他,019008,薏米［薏仁米，苡米］,"Adlay, *Job's tears*",100,361,12.8,3.3,71.1
谷类及其制品-其他,019009,薏米面,Adlay flour,100,351,11.3,2.4,73.5
谷类及其制品-其他,019010,荞麦面,"Buckwheat flour, refined",100,340,11.3,2.8,70.2
谷类及其制品-其他,019011,莜麦面,"Oat flour, refined",100,391,13.7,8.6,67.7
谷类及其制品-其他,019012,燕麦,Quinoa,100,338,10.1,0.2,77.4
谷类及其制品-其他,019013,藜麦（散装）,Quinoa (Green Agriculture),100,357,14.0,6.0,57.8
谷类及其制品-其他,019014,藜麦（散装）,Quinoa (AOJIA),100,367,10.4,7.5,58.5
谷类及其制品-其他,019201,高粱面面条,"Sorghum noodle, wheat flour added, dried, raw",100,304,7.0,0.2,68.7
谷类及其制品-大麦,014101,大麦［元麦］,Barley grain,100,327,10.2,1.4,73.3
谷类及其制品-大麦,014102,黑大麦,"Barley grain, naked, black, raw",100,327,10.2,2.2,74.3
谷类及其制品-大麦,014201,肚里黄,"Naked barley grain, yellow inside",100,337,8.8,1.2,76.7
谷类及其制品-大麦,014202,青稞,Naked barley grain,100,342,8.1,1.5,75.0
谷类及其制品-小米黄米,015101,小米,"Foxtail millet, hulled",100,361,9.0,3.1,75.1
谷类及其制品-小米黄米,015102,小米面,Foxtail millet flour,100,357,7.2,2.1,77.7
谷类及其制品-小米黄米,015103,小米粥,Foxtail millet porridge,100,46,1.4,0.7,8.4
谷类及其制品-小米黄米,015104,小米（黄）,"Foxtail millet, hulled, yellow, raw",100,364,8.9,3.0,77.7
谷类及其制品-小米黄米,015201,大黄米［黍子］,"Broomcorn millet, hulled",100,356,13.6,2.7,71.1
谷类及其制品-小米黄米,015202,黄米,"Broomcorn millet, hulled, yellow",100,351,9.7,1.5,76.9
谷类及其制品-小麦,011101,小麦,Wheat grain,100,338,11.9,1.3,75.2
谷类及其制品-小麦,011102,五谷香,Wheat grain，*Fragrant crops*,100,378,9.9,2.6,78.9
谷类及其制品-小麦,011201x,小麦粉（代表值）,Wheat flour,100,359,12.4,1.7,74.1
谷类及其制品-小麦,011202,小麦粉（富强粉，特一粉）,Wheat flour，refined，special grade1,100,351,10.3,1.1,75.2
谷类及其制品-小麦,011203,小麦粉（特二粉）,Wheat flour，refined，special grade2,100,352,10.4,1.1,75.9
谷类及其制品-小麦,011204,小麦胚粉,Wheat germ flour,100,403,36.4,10.1,44.5
谷类及其制品-小麦,011205,麸皮,Wheat bran,100,282,15.8,4.0,61.4
谷类及其制品-小麦,011206,小麦粉（标准粉）,Wheat flour，moderately refined，standard grade,100,362,15.7,2.5,70.9
谷类及其制品-小麦,011207,小麦粉（富强粉、特一粉）,Wheat flour，refined，special grade 1,100,362,12.3,1.5,74.9
谷类及其制品-小麦,011208,小麦粉（特制）,Wheat flour，specially refined,100,366,13.3,2.2,73.5
谷类及其制品-小麦,011301x,挂面（代表值）,Wheat noodle，dried,100,353,11.4,0.9,75.1
谷类及其制品-小麦,011302,挂面（标准粉）,Wheat noodle，standard grade wheat flour，dried,100,348,10.1,0.7,76.0
谷类及其制品-小麦,011304,挂面（精制龙须面）,Wheat noodle，lysine enriched wheat flour，dried,100,348,11.2,0.5,74.7
谷类及其制品-小麦,011305x,面条（生，代表值）,Wheat noodle，fresh,100,301,8.9,0.6,65.6
谷类及其制品-小麦,011306,面条（标准粉，切面）,Wheat noodle，standard grade wheat flour，fresh,100,283,8.5,1.6,59.5
谷类及其制品-小麦,011308,面条（特粉，切面）,Wheat noodle，special grade 1 wheat flour,100,287,7.3,0.1,64.5
谷类及其制品-小麦,011310,面条（干切面）,Wheat noodle，dried,100,355,11.0,0.1,77.7
谷类及其制品-小麦,011311,面条（虾蓉面）,Wheat noodle，shrimp flavoured,100,436,8.5,15.1,68.3
谷类及其制品-小麦,011312,通心面［通心粉］,Wheat macaroni,100,351,11.9,0.1,75.8
谷类及其制品-小麦,011313,挂面（富强粉）,Noodle，from refined wheat flour，dried，raw,100,363,13.0,1.5,74.7
谷类及其制品-小麦,011314,龙须面（素）,Vermicelli，from wheat flour，plain or vegetarian，dried，raw,100,359,10.8,1.8,75.7
谷类及其制品-小麦,011315,龙须面（鸡蛋）,Vermicelli，from wheat flour，egg powder added，dried，raw,100,352,14.0,1.8,71.5
谷类及其制品-小麦,011316,面条（富强粉，切面）,Noodle，from refined wheat flour，fresh，raw,100,277,8.9,0.4,60.7
谷类及其制品-小麦,011317,面条（富强粉，煮）,Noodle，from refined wheat flour，boiled，drained,100,107,3.9,0.4,22.8
谷类及其制品-小麦,011401,花卷,Wheat bun，leavened，salted and twisted，steamed,100,214,6.4,1.0,45.6
谷类及其制品-小麦,011402,空锅饼,Wheat bun，leavened，baked,100,278,8.6,0.2,60.9
谷类及其制品-小麦,011403,烙饼（标准粉）,Wheat pancake，standard grade wheat flour，unleavened,100,258,7.5,2.3,52.9
谷类及其制品-小麦,011404x,馒头（代表值）,Wheat bun，leavened，steamed,100,223,7.0,1.1,47.0
谷类及其制品-小麦,011405,馒头（标准粉）,Wheat bun，leavened，standard grade wheat flour，steamed,100,236,7.8,1.0,49.8
谷类及其制品-小麦,011407,烧饼（加糖）,Wheat bread，leavened，baked with sesame seeds and sugar,100,298,8.0,2.1,62.7
谷类及其制品-小麦,011408,油饼,Wheat pancake，deep-fried,100,403,7.9,22.9,42.4
谷类及其制品-小麦,011409,油条,Wheat dough stick，deep-fried,100,388,6.9,17.6,51.0
谷类及其制品-小麦,011410,花卷（加牛奶）,Bun，twisted，form refined wheat flour，milk and salt added，leavened，steamed,100,282,6.5,3.2,58.9
谷类及其制品-小麦,011411,馒头（富强粉）,Bun，from refined wheat flour，leavened，steamed,100,235,7.1,1.3,50.9
谷类及其制品-小麦,011501,水面筋,Wheat gluten，fresh,100,142,23.5,0.1,12.3
谷类及其制品-小麦,011502,油面筋,Wheat gluten，deep-fried,100,492,26.9,25.1,40.4
谷类及其制品-小麦,011503,面筋（肉馅）,Wheat gluten，filled with mince pork,100,364,16.2,33.2,0.1
谷类及其制品-玉米,013101,玉米（鲜）,"Corn, fresh",46,112,4.0,1.2,22.8
谷类及其制品-玉米,013102,玉米（白，干）,"Corn grain, white, dried",100,352,8.8,3.8,74.7
谷类及其制品-玉米,013103,玉米（黄，干）,"Corn grain, yellow, dried",100,348,8.7,3.8,73.0
谷类及其制品-玉米,013104,玉米面（白）,"Corn flour, white",100,352,8.0,4.5,73.1
谷类及其制品-玉米,013106,玉米面（强化豆粉）,"Corn flour, enriched with soybean flour",100,352,11.8,4.9,68.3
谷类及其制品-玉米,013108,玉米粒（黄、干）,"Corn grain, yellow, dried, raw",100,327,8.0,0.8,79.2
谷类及其制品-玉米,013109,玉米面（黄）,"Corn flour, yellow, dried, raw",100,350,8.5,1.5,78.4
谷类及其制品-玉米,013110,玉米糁（黄）,"Corn grits, yellow, dried, raw",100,326,7.4,1.2,78.7
谷类及其制品-玉米,013201,玉米笋（罐头）,"Baby corn, sweet, canned",100,16,1.1,0.2,4.9
谷类及其制品-玉米,013202,玉米面面条,"Corn noodle, wheat flour added, dried, raw",100,350,6.6,0.3,80.5
谷类及其制品-稻米,012001x,稻米（代表值）,"Rice, grained",100,346,7.9,0.9,77.2
谷类及其制品-稻米,012101,粳米（标一）,"Round grained rice, standard grade 1",100,345,7.7,0.6,77.4
谷类及其制品-稻米,012102,粳米（标二）,"Round grained rice, standard grade 2",100,347,8.0,0.6,77.7
谷类及其制品-稻米,012103,粳米（标三）,"Round grained rice, standard grade 3",100,346,7.2,0.8,77.6
谷类及其制品-稻米,012104,粳米（标四）,"Round grained rice, standard grade 4",100,347,7.5,0.7,78.1
谷类及其制品-稻米,012105,粳米（特等）,"Round grained rice, special grade",100,335,7.3,0.4,75.7
谷类及其制品-稻米,012106,粳米（极品精米）,"Rice, round grain, refined, raw",100,343,6.4,1.2,78.1
谷类及其制品-稻米,012107,粳米（西域王米）,"Rice, round grain, refined, raw, from Xinjiang",100,353,7.5,1.8,77.0
谷类及其制品-稻米,012108,粳米（小站稻米）,"Rice, round grain, refined, raw, from Tianjin",100,346,6.9,0.7,79.2
谷类及其制品-稻米,012201,籼米（标一）,"Long grained rice, standard grade 1",100,348,7.7,0.7,77.9
谷类及其制品-稻米,012202,籼米（标准）［机米］,"Long grained rice, standard grade",100,349,7.9,0.6,78.3
谷类及其制品-稻米,012203,籼米（优标）,"Long grained rice, special grade",100,350,8.3,1.0,77.3
谷类及其制品-稻米,012204,早籼,"Long grained rice, early crop, unhulled",64,361,9.9,2.2,76.2
谷类及其制品-稻米,012205,早籼（标一）,"Long grained rice, early crop, standard grade 1",100,352,8.8,1.0,77.2
谷类及其制品-稻米,012206,早籼（标二）,"Long grained rice, early crop, standard grade 2",100,346,9.5,1.0,75.1
谷类及其制品-稻米,012207,早籼（特等）,"Long grained rice, early crop, special grade",100,347,9.1,0.6,76.7
谷类及其制品-稻米,012208,晚籼（标一）,"Long grained rice, late crop, standard grade 1",100,346,7.9,0.7,77.3
谷类及其制品-稻米,012209,晚籼（标二）,"Long grained rice, late crop, standard grade 2",100,344,8.6,0.8,75.7
谷类及其制品-稻米,012210,晚籼（特等）,"Long grained rice, late crop, special grade",100,342,8.1,0.3,76.9
谷类及其制品-稻米,012211,籼稻（红）,"Long grained rice, red, unhulled",64,348,7.0,2.0,76.4
谷类及其制品-稻米,012212,黑米,"Long grained rice, purple",100,341,9.4,2.5,72.2
谷类及其制品-稻米,012213,香米,"Long grained rice, fragrant",100,347,12.7,0.9,72.4
谷类及其制品-稻米,012214,籼米,"Rice, long grain, moderately refined, raw",100,340,7.5,1.1,78.0
谷类及其制品-稻米,012215,香米,"Rice, long grain, fragrant, refined, raw",100,342,8.4,0.7,77.2
谷类及其制品-稻米,012216,糙米,brown rice,100,348,7.7,2.7,75
谷类及其制品-稻米,012301,糯米［江米］,"Glutinous rice, regular grade",100,350,7.3,1.0,78.3
谷类及其制品-稻米,012302,优糯米,"Glutinous rice, special grade",100,345,9.0,1.0,75.3
谷类及其制品-稻米,012303,早糯谷,"Glutinous rice, early crop, unhulled",64,360,7.1,3.2,77.0
谷类及其制品-稻米,012304,紫红糯米［血糯米］,"Glutinous rice, purple",100,346,8.3,1.7,75.1
谷类及其制品-稻米,012305,粳糯米,"Glutinous rice, round grained",100,344,7.9,0.8,76.7
谷类及其制品-稻米,012306,籼糯米,"Glutinous rice, long grained",100,352,7.9,1.1,78.0
谷类及其制品-稻米,012401x,米饭（蒸，代表值）,"Rice, steamed",100,116,2.6,0.3,25.9
谷类及其制品-稻米,012402,粳米饭（蒸）,"Round grained rice, steamed",100,118,2.6,0.3,26.2
谷类及其制品-稻米,012404,粳米粥,"Round grained rice, porridge",100,46,1.1,0.3,9.9
谷类及其制品-稻米,012405,籼米粉［排米粉］,"Long grained rice noodle, dried",100,356,7.4,0.1,81.5
谷类及其制品-稻米,012406,籼米粉（干，细）,"Long grained rice noodle, dried and thin",100,346,8.0,0.1,78.3
谷类及其制品-稻米,012407,高蛋白豆米粉（籼米）,"Long grained rice flour, high-protein, soybean flour enriched",100,414,16.5,7.1,71.0
谷类及其制品-稻米,012408,籼米饭（蒸）,"Rice, long grain, moderately refined, steamed",100,117,3.0,0.4,26.4
谷类及其制品-稻米,012409,籼米粥,"Rice porridge, long grain, moderately refined, boiled",100,59,1.3,0.2,13.4
谷类及其制品-稻米,012410,米粉,"Rice noodle, dried, raw",100,349,0.4,0.8,85.8
谷类及其制品-稻米,012411,河粉,"Rice noodle, flattened, dried, raw",100,359,7.7,1.5,79.2
鱼虾蟹贝类-其他,129001,海参,"Sea cucumber, fresh",100,78,16.5,0.2,2.5
鱼虾蟹贝类-其他,129002,海参（干）,"Sea cucumber, dried",93,262,50.2,4.8,4.5
鱼虾蟹贝类-其他,129003,海参（水浸）,"Sea cucumber, soaked in water",100,25,6.0,0.1,0.0
鱼虾蟹贝类-其他,129004,海蜇皮,"Jellyfish, bell",100,33,3.7,0.3,3.8
鱼虾蟹贝类-其他,129005,海蜇头,"Jellyfish, arm",100,74,6.0,0.3,11.8
鱼虾蟹贝类-其他,129006,墨鱼（鲜，曼氏无针乌贼）,"Cuttlefish, fresh",69,83,15.2,0.9,3.4
鱼虾蟹贝类-其他,129007,墨鱼（干，曼氏无针乌贼）,"Cuttlefish, dried",82,287,65.3,1.9,2.1
鱼虾蟹贝类-其他,129008,鱿鱼（鲜，中国枪乌贼）［枪乌贼］,"Squid, fresh",97,84,17.4,1.6,0.0
鱼虾蟹贝类-其他,129009,鱿鱼（干，中国枪乌贼）,"Squid, dried",98,313,60.0,4.6,7.8
鱼虾蟹贝类-其他,129010,鱿鱼（水浸）,"Squid, soaked in water",98,75,17.0,0.8,0.0
鱼虾蟹贝类-其他,129011,乌鱼蛋,Cuttlefish roe,73,66,14.1,1.1,0.0
鱼虾蟹贝类-其他,129012,章鱼（章鱼肉）［八爪鱼］,Octopus ocellatus,100,52,10.6,0.4,1.4
鱼虾蟹贝类-其他,129013,章鱼［八爪鱼］,"Octopus, Octopodidae",78,135,18.9,0.4,14.0
鱼虾蟹贝类-其他,129014,甲鱼蛋,,100,128,12.5,7.3,3.0
鱼虾蟹贝类-其他,129015,乌龟（龟板）,,28,466,9.9,44.4,6.8
鱼虾蟹贝类-其他,129016,乌龟（肉）,,100,250,14.5,21.1,0.4
鱼虾蟹贝类-其他,129017,金鲨鱼翅（干）,,100,350,84.1,0.5,2.3
鱼虾蟹贝类-其他,129018,鱼翅（干）,,100,362,88.4,0.9,0.0
鱼虾蟹贝类-其他,129019,棘参（鲜）,,53,21,4.1,0.0,1.2
鱼虾蟹贝类-其他,129020,海参（干）,,100,302,64.0,0.9,9.5
鱼虾蟹贝类-其他,129021,梅花参（泡发）,,100,73,11.7,0.9,4.5
鱼虾蟹贝类-其他,129022,墨鱼（干）,,85,313,71.6,1.1,4.2
鱼虾蟹贝类-其他,129301,墨鱼圈,,100,72,13.0,2.2,0.0
鱼虾蟹贝类-其他,129302,墨鱼丸,,100,128,13.4,4.7,8.0
鱼虾蟹贝类-虾,122101,白米虾［水虾米］,*White rice* shrimp,57,81,17.3,0.4,2.0
鱼虾蟹贝类-虾,122102,斑节对虾［草虾］,Giant tiger prawn,59,103,18.6,0.8,5.4
鱼虾蟹贝类-虾,122103,长毛对虾［大虾、白露虾］,*Long feeler* prawn,65,90,18.5,0.4,3.0
鱼虾蟹贝类-虾,122104,蝲蛄［刺蛄、大头虾］,Procambarus clarkia,14,77,16.0,1.4,0.0
鱼虾蟹贝类-虾,122105,东方对虾［中国对虾］,Chinese white shrimp,67,84,18.3,0.5,1.6
鱼虾蟹贝类-虾,122106,对虾,Penaeid shrimp,61,93,18.6,0.8,2.8
鱼虾蟹贝类-虾,122107,海虾,"Shrimp, marine",51,79,16.8,0.6,1.5
鱼虾蟹贝类-虾,122108,河虾,"Shrimp, freshwater",86,87,16.4,2.4,0.0
鱼虾蟹贝类-虾,122109,基围虾,"Sand shrimp, greasyback shrimp",60,101,18.2,1.4,3.9
鱼虾蟹贝类-虾,122110,江虾［沼虾］,"Shrimp, freshwater",100,87,10.3,0.9,9.3
鱼虾蟹贝类-虾,122111,龙虾,Lobster,46,90,18.9,1.1,1.0
鱼虾蟹贝类-虾,122112,明虾,"Prawn, freshwater",57,85,13.4,1.8,3.8
鱼虾蟹贝类-虾,122113,塘水虾［草虾］,"Shrimp, small, freshwater",57,96,21.2,1.2,0.0
鱼虾蟹贝类-虾,122114,虾虎,Mantis shrimp,32,81,11.6,1.7,4.8
鱼虾蟹贝类-虾,122116,螯虾,"Crawfish, Procambarus clarkia",31,93,14.8,3.8,0.0
鱼虾蟹贝类-虾,122117,北极虾,,85,132,14.9,1.2,15.4
鱼虾蟹贝类-虾,122118,九节虾（鲜）,,61,90,21.4,0.1,0.8
鱼虾蟹贝类-虾,122119,口虾蛄［皮皮虾］,,28,82,14.8,1.7,1.8
鱼虾蟹贝类-虾,122120,罗氏沼虾,,40,91,20.6,0.8,Tr
鱼虾蟹贝类-虾,122121,南美白对虾,,56,83,19.4,0.2,0.8
鱼虾蟹贝类-虾,122122,青虾,,57,100,23.8,0.4,0.2
鱼虾蟹贝类-虾,122123,琼海虾,,100,56,8.9,1.8,0.9
鱼虾蟹贝类-虾,122201,虾米［海米、虾仁］,"Shrimp, small to medium, dried",100,198,43.7,2.6,0.0
鱼虾蟹贝类-虾,122202,虾脑酱,Shrimp head paste,100,100,15.2,4.3,0.0
鱼虾蟹贝类-虾,122203,虾酱,,100,112,10.8,7.6,0.0
鱼虾蟹贝类-虾,122204,虾仁（红）,,100,48,10.4,0.7,0.0
鱼虾蟹贝类-虾,122205,虾皮,,100,153,30.7,2.2,2.5
鱼虾蟹贝类-虾,122206,虾仁,,100,199,20.8,0.6,27.7
鱼虾蟹贝类-虾,122301,虾仁肉丸,,100,152,4.6,7.4,16.7
鱼虾蟹贝类-蟹,123001,海蟹,"Crab, marine",55,95,13.8,2.3,4.7
鱼虾蟹贝类-蟹,123002,河蟹,"Crab, freshwater",42,103,17.5,2.6,2.3
鱼虾蟹贝类-蟹,123003,锯缘青蟹［青蟹］,"Mangrove crab, mud crab",43,80,14.6,1.6,1.7
鱼虾蟹贝类-蟹,123004,梭子蟹,Blue crab,49,95,15.9,3.1,0.9
鱼虾蟹贝类-蟹,123005,蟹肉,Crab meat,100,62,11.6,1.2,1.1
鱼虾蟹贝类-蟹,123006,海蟹（小）,,42,81,14.2,1.1,3.6
鱼虾蟹贝类-蟹,123007,锯缘青蟹（公，鲜）,,42,126,16.7,5.2,3.1
鱼虾蟹贝类-蟹,123008,锯缘青蟹（母，鲜）,,44,155,17.3,7.5,4.5
鱼虾蟹贝类-蟹,123009,大闸蟹（母）,,36,156,21.0,7.7,0.6
鱼虾蟹贝类-蟹,123010,海蟹（公）,,25,85,18.0,0.3,2.5
鱼虾蟹贝类-蟹,123011,海蟹（母）,,27,64,14.2,0.3,1.2
鱼虾蟹贝类-蟹,123301,蟹足棒,,100,123,9.0,0.6,20.5
鱼虾蟹贝类-蟹,123302,蟹膏（大闸蟹，蒸）,,100,167,15.4,9.8,4.4
鱼虾蟹贝类-蟹,123303,蟹肉（大闸蟹，公，蒸）,,100,128,24.2,3.4,Tr
鱼虾蟹贝类-蟹,123304,蟹黄（大闸蟹，蒸）,,100,255,24.0,17.2,1.2
鱼虾蟹贝类-蟹,123305,蟹肉（大闸蟹，母，蒸）,,100,131,22.4,4.2,0.9
鱼虾蟹贝类-蟹,123306,梭子蟹（公，蒸）,,28,79,19.0,0.2,Tr
鱼虾蟹贝类-蟹,123307,梭子蟹（母，蒸）,,21,101,24.1,0.4,Tr
鱼虾蟹贝类-贝,124101,鲍鱼［杂色鲍］,Abalone,65,84,12.6,0.8,6.6
鱼虾蟹贝类-贝,124102,鲍鱼（干）,Abalone，dried,100,322,54.1,5.6,13.7
鱼虾蟹贝类-贝,124103,蛏子,Razor clam,57,40,7.3,0.3,2.1
鱼虾蟹贝类-贝,124104,蛏干［蛏子缢、蛏青子］,Razor clam，dried,100,340,46.5,4.9,27.4
鱼虾蟹贝类-贝,124105,赤贝,Arkshell clam,34,61,13.9,0.6,0.0
鱼虾蟹贝类-贝,124106,河蚌,Swan mussel,43,54,10.9,0.8,0.7
鱼虾蟹贝类-贝,124107,河蚬［蚬子］,Asian clam,35,47,7.0,1.4,1.7
鱼虾蟹贝类-贝,124108,牡蛎［海蛎子］,Oyster,100,73,5.3,2.1,8.2
鱼虾蟹贝类-贝,124109,生蚝,Oyster,100,57,10.9,1.5,0.0
鱼虾蟹贝类-贝,124110,泥蚶［血蚶、珠蚶］,Blood cockle,30,71,10.0,0.8,6.0
鱼虾蟹贝类-贝,124111,扇贝（鲜）,Scallop，fresh,35,60,11.1,0.6,2.6
鱼虾蟹贝类-贝,124112,扇贝（干）［干贝］,Scallop，dried,100,264,55.6,2.4,5.1
鱼虾蟹贝类-贝,124113,鲜贝,Scallop,100,77,15.7,0.5,2.5
鱼虾蟹贝类-贝,124114,银蚶［蚶子］,Silver cockle,27,71,12.2,1.4,2.3
鱼虾蟹贝类-贝,124115,贻贝（鲜）［淡菜、壳菜］,Mussel，fresh,49,80,11.4,1.7,4.7
鱼虾蟹贝类-贝,124116,贻贝（干）［淡菜、壳菜］,Mussel，dried,100,355,47.8,9.3,20.1
鱼虾蟹贝类-贝,124117,海蚌［西施舌］,,47,42,9.5,0.3,0.2
鱼虾蟹贝类-贝,124118,鲍鱼（皱纹鲍）,,40,75,13.7,0.1,4.8
鱼虾蟹贝类-贝,124201x,蛤蜊（代表值）,clam,39,62,10.1,1.1,2.8
鱼虾蟹贝类-贝,124202,蛤蜊（花蛤蜊）,Clam，Venus clam,46,45,7.7,0.6,2.2
鱼虾蟹贝类-贝,124203,蛤蜊（毛蛤蜊）,Clam，Blood clam,25,97,15.0,1.0,7.1
鱼虾蟹贝类-贝,124204,蛤蜊（秋蛤蜊）,Clam，Autumn surf clam,26,89,15.6,0.7,5.0
鱼虾蟹贝类-贝,124205,蛤蜊（沙蛤蜊）,Clam，Surf clam，marine,50,56,8.9,1.9,0.8
鱼虾蟹贝类-贝,124206,蛤蜊（杂色蛤蜊）,Clam，Multicolor surf clam，marine,40,53,7.5,2.2,0.7
鱼虾蟹贝类-贝,124301x,螺（代表值）,Sea snail,41,100,15.7,1.2,6.6
鱼虾蟹贝类-贝,124302,红螺,Red sea snail,55,119,20.2,0.9,7.6
鱼虾蟹贝类-贝,124303,黄螺［东风螺］,Spotted babylon,43,106,19.8,1.0,4.5
鱼虾蟹贝类-贝,124304,螺蛳,"River snail, mystery snail",37,59,7.5,0.6,6.0
鱼虾蟹贝类-贝,124305,石螺,Stone snail,27,90,12.8,0.7,8.2
鱼虾蟹贝类-贝,124306,田螺,Rice-paddy field snail，globular，freshwater,26,60,11.0,0.2,3.6
鱼虾蟹贝类-贝,124307,香海螺,Fragrant sea snail，marine,59,163,22.7,3.5,10.1
鱼虾蟹贝类-贝,124308,海蚌（鲜）,,65,51,6.9,0.2,5.5
鱼虾蟹贝类-贝,124309,海蚌（漳港海蚌，鲜）,,50,64,9.4,0.7,4.9
鱼虾蟹贝类-贝,124310,蛏子（焯）,,52,67,13.5,0.9,1.1
鱼虾蟹贝类-贝,124311,缢蛏（鲜）,,55,73,8.6,1.8,5.6
鱼虾蟹贝类-贝,124312,牛角江珧蛤（鲜）［长带子］,,59,49,7.1,0.5,4.0
鱼虾蟹贝类-贝,124313,文蛤（鲜）,,31,56,9.2,0.7,3.2
鱼虾蟹贝类-贝,124314,血蚶（鲜）,,31,51,8.2,0.5,3.3
鱼虾蟹贝类-贝,124315,六角螺（鲜）,,7,118,23.5,0.5,4.8
鱼虾蟹贝类-贝,124316,海螺肉（干）,,100,295,65.7,0.5,7.0
鱼虾蟹贝类-贝,124601,文蛤丸,,100,211,16.2,9.2,15.8
鱼虾蟹贝类-鱼,121101,白条鱼（裸鱼）,Wild carp,59,103,16.6,3.3,1.6
鱼虾蟹贝类-鱼,121102,草鱼,Grass carp,58,113,16.6,5.2,0.0
鱼虾蟹贝类-鱼,121103,赤眼鳟［金目鱼］,Eastern barb，freshwater shark,59,109,18.1,4.1,0.0
鱼虾蟹贝类-鱼,121104,鳡鱼［猴鱼］,Sheltostsher carp，freshwater,54,114,17.5,4.3,1.2
鱼虾蟹贝类-鱼,121105,胡子鲇［塘虱（鱼）］,Whiskered catfish，freshwater,50,146,15.4,8.0,3.1
鱼虾蟹贝类-鱼,121106,黄颡鱼［戈牙鱼、黄鳍鱼］,Yellowhead catfish,52,124,17.8,2.7,7.1
鱼虾蟹贝类-鱼,121107,黄鳝［鳝鱼］,"Rice eel, swamp eel",67,89,18.0,1.4,1.2
鱼虾蟹贝类-鱼,121108,黄鳝丝,"Rice eel, swamp eel, strips",88,69,15.4,0.8,0.0
鱼虾蟹贝类-鱼,121109,尖嘴白,Silver gar，freshwater,80,137,22.7,3.3,4.1
鱼虾蟹贝类-鱼,121110,口头鱼,Goldfish carp，freshwater,56,134,19.6,4.2,4.5
鱼虾蟹贝类-鱼,121111,鲤鱼［鲤拐子］,Common carp,54,109,17.6,4.1,0.5
鱼虾蟹贝类-鱼,121112,罗非鱼,Tilapia,55,98,18.4,1.5,2.8
鱼虾蟹贝类-鱼,121113,罗非鱼（莫桑比克）［非洲黑鲫鱼］,Tilapia,53,77,16.0,1.0,1.0
鱼虾蟹贝类-鱼,121114,泥鳅,Oriental loach,60,96,17.9,2.0,1.7
鱼虾蟹贝类-鱼,121115,青鱼［青皮鱼、青鳞鱼、青混］,Black carp,63,118,20.1,4.2,0.0
鱼虾蟹贝类-鱼,121116,乌鳢［黑鱼、乌鱼、生鱼］,Snakehead,57,85,18.5,1.2,0.0
鱼虾蟹贝类-鱼,121117,银鱼［面条鱼］,"Icefish, noodlefish",100,105,17.2,4.0,0.0
鱼虾蟹贝类-鱼,121118,湟鱼［裸鲤鱼］,Naked carp,56,124,17.1,3.2,6.7
鱼虾蟹贝类-鱼,121120,鲇鱼［胡子鲇、鲢胡、旺虾］,Catfish,65,103,17.3,3.7,0.0
鱼虾蟹贝类-鱼,121121,鲒花,Goldfish carp， freshwater,63,117,15.6,6.1,0.0
鱼虾蟹贝类-鱼,121122,鲢鱼［白鲢、胖子、连子鱼］,Silver carp,61,104,17.8,3.6,0.0
鱼虾蟹贝类-鱼,121123,鲫鱼［喜头鱼、海附鱼］,Goldfish carp， freshwater,54,108,17.1,2.7,3.8
鱼虾蟹贝类-鱼,121124,鲮鱼［雪鲮］,Mud carp,57,95,18.4,2.1,0.7
鱼虾蟹贝类-鱼,121125,鲮鱼（罐头）,Mud carp， canned,100,399,30.7,26.9,8.5
鱼虾蟹贝类-鱼,121126,鳊鱼［鲂鱼、武昌鱼］,Bream,59,135,18.3,6.3,1.2
鱼虾蟹贝类-鱼,121127,鳗鲡［鳗鱼、河鳗］,River eel,84,181,18.6,10.8,2.3
鱼虾蟹贝类-鱼,121128,鳙鱼［胖头鱼、摆佳鱼、花鲢鱼］,Bighead carp,61,100,15.3,2.2,4.7
鱼虾蟹贝类-鱼,121129,鳜鱼［桂鱼、花鲫鱼］,Chinese perch,61,117,19.9,4.2,0.0
鱼虾蟹贝类-鱼,121130,鳟鱼［红鳟鱼］,Rainbow trout,57,99,18.6,2.6,0.2
鱼虾蟹贝类-鱼,121131,草鱼［白鲩、草包鱼］,,58,96,17.7,2.6,0.5
鱼虾蟹贝类-鱼,121132,鲢鱼［白鲢、胖子、连子鱼］,,61,84,16.3,2.1,0.0
鱼虾蟹贝类-鱼,121133,鲫鱼［喜头鱼、海附鱼］,,54,89,18.0,1.6,0.7
鱼虾蟹贝类-鱼,121134,丁桂鱼,,62,157,29.7,4.2,0.2
鱼虾蟹贝类-鱼,121135,乌鳢（野生）［黑鱼、乌鱼、生鱼］,,71,105,19.9,2.3,1.1
鱼虾蟹贝类-鱼,121136,花骨鱼,,57,155,25.8,5.6,0.4
鱼虾蟹贝类-鱼,121137,黄颡鱼［戈牙鱼、黄鳍鱼］,,44,161,17.3,10.2,Tr
鱼虾蟹贝类-鱼,121138,回头鱼,,61,107,14.5,5.3,0.4
鱼虾蟹贝类-鱼,121139,鮰鱼,,64,143,14.8,4.5,10.8
鱼虾蟹贝类-鱼,121140,斑鳠［剑骨鱼］,,54,135,16.8,7.3,Tr
鱼虾蟹贝类-鱼,121141,抗浪鱼,,85,174,16.6,11.0,2.1
鱼虾蟹贝类-鱼,121142,蓝鳃太阳鱼,,48,93,17.8,2.3,0.3
鱼虾蟹贝类-鱼,121143,钳鱼,,72,212,29.2,10.3,0.7
鱼虾蟹贝类-鱼,121144,翘嘴红鲌（鲜）,,59,123,18.1,5.6,0.1
鱼虾蟹贝类-鱼,121145,鲥鱼,,48,189,20.8,11.3,0.9
鱼虾蟹贝类-鱼,121146,鳊鱼［鲂鱼、武昌鱼］,,71,142,27.0,3.5,0.7
鱼虾蟹贝类-鱼,121147,鲟鱼,,69,100,23.4,0.4,0.6
鱼虾蟹贝类-鱼,121148,雅鱼,,73,131,26.5,2.7,0.1
鱼虾蟹贝类-鱼,121149,胭脂鱼（养殖）,,71,162,38.8,0.6,0.4
鱼虾蟹贝类-鱼,121150,棒棒鱼（雅江冷水鱼）,,49,118,27.1,1.1,Tr
鱼虾蟹贝类-鱼,121151,尖嘴鱼（雅江冷水鱼）,,61,107,17.1,2.2,4.6
鱼虾蟹贝类-鱼,121152,胡子鱼（雅江冷水鱼）,,46,99,17.4,1.3,4.4
鱼虾蟹贝类-鱼,121201,白姑鱼［白米子（鱼）］,White croaker,67,150,19.1,8.2,0.0
鱼虾蟹贝类-鱼,121202,鲹鱼［蓝圆鲹、边鱼］,Round scad,70,124,18.5,3.4,4.8
鱼虾蟹贝类-鱼,121203,带鱼［白带鱼、刀鱼］,Belt fish,76,127,17.7,4.9,3.1
鱼虾蟹贝类-鱼,121204,堤鱼,Japanese anchovy， marine,64,191,17.6,12.8,1.3
鱼虾蟹贝类-鱼,121205,丁香鱼（干）,Anchovy， dried,100,196,37.5,3.1,4.6
鱼虾蟹贝类-鱼,121206,狗母鱼［大头狗母鱼］,Lizardfish,67,100,16.7,2.3,3.0
鱼虾蟹贝类-鱼,121207,海鲫鱼［九九鱼］,Perch,60,206,17.0,13.7,3.6
鱼虾蟹贝类-鱼,121208,海鳗［鲫勾］,Pike eel,67,122,18.8,5.0,0.5
鱼虾蟹贝类-鱼,121209,红娘鱼［翼红娘鱼］,Gurnards,55,105,18.0,2.8,1.9
鱼虾蟹贝类-鱼,121210,黄姑鱼［黄婆鸡］,"Yellow spotted maigre, marine",63,137,18.4,7.0,0.0
鱼虾蟹贝类-鱼,121211,黄鱼（大黄花鱼）,"Yellow croaker, large",66,97,17.7,2.5,0.8
鱼虾蟹贝类-鱼,121213,黄鲂［赤虹、老板鱼］,John Dory,75,81,18.5,0.5,0.6
鱼虾蟹贝类-鱼,121214,金线鱼［红三鱼］,Golden threadfish bream,40,101,18.6,2.9,0.0
鱼虾蟹贝类-鱼,121215,绿鳍马面鲀［面包鱼、橡皮鱼］,Filefish,52,83,18.1,0.6,1.2
鱼虾蟹贝类-鱼,121216,梅童鱼［大头仔鱼、丁珠鱼］,"Japanese lion fish, drum fish, marine",63,121,18.9,5.0,0.0
鱼虾蟹贝类-鱼,121217,沙丁鱼［沙鲻］,Sardine,67,89,19.8,1.1,0.0
鱼虾蟹贝类-鱼,121218,沙钻鱼［多鳞鱚、沙梭鱼、麦穗鱼］,Sand smelt,63,84,18.4,0.6,1.2
鱼虾蟹贝类-鱼,121219,蛇鲻［沙梭鱼］,"Mullet, marine, estuarine",72,122,20.8,4.2,0.3
鱼虾蟹贝类-鱼,121220,舌鳎［花纹舌头、舌头鱼］,Tonguefish,68,83,17.7,1.4,0.0
鱼虾蟹贝类-鱼,121221,油抒［香梭鱼］,Barracuda,74,145,15.9,9.0,0.0
鱼虾蟹贝类-鱼,121222,颚针鱼［针量鱼］,Needlefish,75,180,20.2,10.4,1.4
鱼虾蟹贝类-鱼,121223,鲅鱼［马鲛鱼、燕鲅鱼、巴鱼］,Spanish mackerel,80,121,21.2,3.1,2.1
鱼虾蟹贝类-鱼,121224,鲅鱼（咸）［咸马胶］,Spanish mackerel，preserved in brine,67,157,23.3,1.6,12.4
鱼虾蟹贝类-鱼,121225,鲆［片口鱼、比目鱼］,Flatfish,68,112,20.8,3.2,0.0
鱼虾蟹贝类-鱼,121226,鲈鱼［鲈花］,Sea bass,58,105,18.6,3.4,0.0
鱼虾蟹贝类-鱼,121227,鲐鱼［青鲐鱼、鲐巴鱼、青砖鱼］,Chub mackerel,66,155,19.9,7.4,2.2
鱼虾蟹贝类-鱼,121228,鲑鱼［大马哈鱼、三文鱼］,Chum salmon,72,139,17.2,7.8,0.0
鱼虾蟹贝类-鱼,121229,鲑鱼籽酱［大马哈鱼籽酱、三文鱼籽酱］,Caviar，chum salmon,100,252,10.9,16.8,14.4
鱼虾蟹贝类-鱼,121230,鲚鱼（大）［大凤尾鱼］,*Phoenix* anchovy， large， anadromous,79,106,13.2,5.5,0.8
鱼虾蟹贝类-鱼,121231,鲚鱼（小）［小凤尾鱼］,*Phoenix* anchovy， small， anadromous,90,124,15.5,5.1,4.0
鱼虾蟹贝类-鱼,121232,鲨鱼（真鲨、白斑角鲨）,Shark,56,118,22.2,3.2,0.0
鱼虾蟹贝类-鱼,121233,鲳鱼（银鲳鱼）［平鱼］,Pomfret,70,140,18.5,7.3,0.0
鱼虾蟹贝类-鱼,121234,鲷［黑鲷、铜盆鱼、大目鱼］,Sea bream,65,106,17.9,2.6,2.7
鱼虾蟹贝类-鱼,121235,鲻鱼［白眼棱鱼］,Mullet,57,119,18.9,4.8,0.0
鱼虾蟹贝类-鱼,121236,鲽［比目鱼、凸眼鱼］,Flounder,72,107,21.1,2.3,0.5
鱼虾蟹贝类-鱼,121237,鳐鱼［夫鱼］,Rays,59,90,20.8,0.7,0.0
鱼虾蟹贝类-鱼,121238,鳓鱼［快鱼、力鱼］,Chinese herring or shad,71,159,20.7,8.5,0.0
鱼虾蟹贝类-鱼,121239,鳕鱼［鳕狭、明太鱼］,Pacific cod,45,88,20.4,0.5,0.5
鱼虾蟹贝类-鱼,121240,鮸鱼［鳘鱼］,Brown croaker，marine,76,89,20.2,0.9,0.0
鱼虾蟹贝类-鱼,121241,带鱼（切段）,,70,108,17.6,4.2,0.0
鱼虾蟹贝类-鱼,121242,黄鱼（小黄花鱼）,,62,114,17.0,5.1,0.0
鱼虾蟹贝类-鱼,121243,金鰉鱼,,66,99,18.7,2.7,0.0
鱼虾蟹贝类-鱼,121244,鲭鱼,,49,413,14.4,39.4,0.2
鱼虾蟹贝类-鱼,121245,双髻鲨,,38,111,27.4,0.1,0.0
鱼虾蟹贝类-鱼,121246,紫青低纹鮨（冰鲜）,,61,150,20.5,7.2,0.8
鱼虾蟹贝类-鱼,121247,鮟鱇鱼,,45,60,13.7,0.6,Tr
鱼虾蟹贝类-鱼,121248,鲳鱼（鲜，刺鲳）,,67,149,16.8,6.5,5.9
鱼虾蟹贝类-鱼,121249,大菱鲆鱼（鲜）［多宝鱼］,,68,81,17.0,1.1,0.7
鱼虾蟹贝类-鱼,121250,海鲈鱼（鲜）,,55,112,19.5,3.6,0.4
鱼虾蟹贝类-鱼,121251,红鳍笛鲷［红鱼］,,48,134,20.1,4.8,2.7
鱼虾蟹贝类-鱼,121252,黄姑鱼（鲜）,,68,88,14.7,0.7,5.6
鱼虾蟹贝类-鱼,121253,鲅鱼［马鲛鱼］,,72,194,18.7,11.3,4.4
鱼虾蟹贝类-鱼,121254,石斑鱼（老虎斑）,,38,130,20.2,4.3,2.7
鱼虾蟹贝类-鱼,121255,石斑鱼（红石斑鱼）,,45,90,19.9,0.4,1.6
鱼虾蟹贝类-鱼,121256,石斑鱼（黑石斑鱼）,,56,95,20.2,1.2,0.9
鱼虾蟹贝类-鱼,121257,石斑鱼（花石斑鱼）,,47,95,20.2,0.8,1.7
鱼虾蟹贝类-鱼,121258,苏眉鱼,,33,70,16.5,0.4,Tr
鱼虾蟹贝类-鱼,121259,青衣（红色）,,49,84,20.1,0.3,0.2
鱼虾蟹贝类-鱼,121260,青衣（孔雀绿色）,,46,82,19.2,0.3,0.6
鱼虾蟹贝类-鱼,121261,笠鱼,,45,97,22.2,0.5,0.9
鱼虾蟹贝类-鱼,121262,金枪鱼肉,,100,102,23.7,0.3,1.1
鱼虾蟹贝类-鱼,121263,鲅鱼肉［马鲛鱼肉］,,100,102,23.7,0.3,1.0
鱼虾蟹贝类-鱼,121264,刺泡鱼［刺鲍鱼］,,48,94,23.0,0.2,Tr
鱼虾蟹贝类-鱼,121301,鱼片干,Fish jerky，meat only，cooked，dried,100,303,46.1,3.4,22.0
鱼虾蟹贝类-鱼,121302,鱼奇油［鱼露、虾油］,"*Yuqiyou*, fermented fishes and shrimps with salt",100,47,11.2,0.2,0.0
鱼虾蟹贝类-鱼,121304,鱼排,,100,160,10.1,2.4,24.5
鱼虾蟹贝类-鱼,121305,鱼丸,,100,107,11.1,1.3,12.7
鱼虾蟹贝类-鱼,121306,鱼子酱,,100,201,9.6,7.1,24.7
鱼虾蟹贝类-鱼,121401,草鱼（熏）,,100,283,24.0,16.5,9.6
鱼虾蟹贝类-鱼,121402,丁香鱼（香辣味）,,100,403,19.0,28.2,18.3
鱼虾蟹贝类-鱼,121403,凤尾鱼（熟）,,100,520,23.5,43.0,9.7
鱼虾蟹贝类-鱼,121404,箭鱼（炸）,,100,271,20.8,16.1,10.7
鱼虾蟹贝类-鱼,121405,金枪鱼（盐水浸）,,81,99,23.5,0.6,0.0
鱼虾蟹贝类-鱼,121406,金枪鱼（油浸）,,79,189,27.1,9.0,0.0
鱼虾蟹贝类-鱼,121407,鲮鱼（豆豉，熟）,,100,472,25.5,33.1,17.9
鱼虾蟹贝类-鱼,121408,鳗鱼（红烧）,,100,211,21.3,9.8,9.5
鱼虾蟹贝类-鱼,121410,鲭鱼（烤，150℃，20分）,,100,390,19.1,34.8,0.0
鱼虾蟹贝类-鱼,121414,鲭鱼（炸）,,100,550,17.2,53.4,0.1
鱼虾蟹贝类-鱼,121415,鲭鱼（蒸）,,100,390,14.6,36.5,0.7
鱼虾蟹贝类-鱼,121416,鲭鱼（煮）,,100,372,14.9,34.5,0.4
鱼虾蟹贝类-鱼,121417,沙丁鱼（茄汁，熟）,,100,155,13.8,9.8,3.0
鱼虾蟹贝类-鱼,121418,沙丁鱼（盐水浸）,,79,172,21.5,9.6,0.0
鱼虾蟹贝类-鱼,121419,沙丁鱼（油浸）,,82,220,23.3,14.1,0.0
鱼虾蟹贝类-鱼,121420,午餐鱼（香辣味）,,100,383,24.4,30.2,3.3
鱼虾蟹贝类-鱼,121421,鳕鱼（烤）,,85,96,21.4,1.2,Tr
鱼虾蟹贝类-鱼,121422,鳕鱼（炸）,,98,241,12.4,14.3,15.6
